1,1,1,315,1,315,0.0,663
1,2,1,315,1,315,0.0,596
1,3,1,315,1,315,0.0,588
1,4,1,315,1,315,0.0,605
1,5,1,315,1,315,0.0,632
1,7,1,315,1,315,0.0,581
1,8,1,315,1,315,0.0,616
1,12,1,315,1,315,0.0,564
1,13,1,315,1,314,0.0,575
1,14,1,315,1,315,0.0,597
1,15,1,315,1,315,0.0,604
1,16,1,315,1,315,0.0,588
1,17,1,315,1,315,0.0,601
1,18,1,315,1,315,0.0,606
1,20,1,315,1,315,0.0,596
1,22,1,315,1,315,0.0,617
1,23,1,315,1,315,0.0,607
1,25,1,315,1,316,0.0,559
1,26,1,315,1,315,0.0,589
1,30,1,315,1,315,0.0,588
1,35,1,315,1,315,0.0,594
1,36,1,315,1,315,0.0,592
1,37,1,315,1,315,0.0,629
1,38,1,315,1,315,0.0,572
1,39,1,315,1,315,0.0,630
1,40,1,315,1,315,0.0,640
1,41,1,315,1,315,0.0,588
1,42,1,315,1,315,0.0,587
1,43,1,315,1,315,0.0,581
1,44,1,315,1,315,0.0,612
1,45,1,315,1,317,0.0,578
1,46,1,315,1,317,0.0,587
1,47,1,315,1,315,0.0,583
1,49,1,315,1,315,0.0,625
1,50,1,315,1,314,0.0,575
1,51,1,315,1,315,0.0,593
1,54,1,313,1,311,6.32e-151,427
1,34,92,315,1,224,1.58e-149,421
1,53,1,292,1,292,2.51e-115,337
1,10,1,292,1,292,1.49e-112,330
1,21,1,292,1,292,1.76e-111,327
1,11,1,292,1,295,2.39e-107,317
1,9,1,148,1,148,3.44e-92,273
1,24,1,292,1,286,2.98e-78,242
1,33,1,292,1,286,1.44e-77,240
1,32,1,292,1,286,5.76e-77,239
1,29,1,292,1,286,4.44e-74,231
1,6,3,294,2,295,1.75e-68,217
1,52,9,292,7,292,1.48e-62,202
1,19,9,282,8,270,4.92e-62,201
1,27,9,282,8,270,1.56e-61,200
1,55,9,282,7,269,8.02e-59,193
1,31,80,292,2,214,1.83e-56,184
1,48,92,292,1,201,2.05e-50,168
2,2,1,315,1,315,0.0,663
2,1,1,315,1,315,0.0,596
2,3,1,315,1,315,0.0,593
2,4,1,315,1,315,0.0,624
2,5,1,315,1,315,0.0,593
2,7,1,315,1,315,0.0,595
2,8,1,315,1,315,0.0,590
2,12,1,315,1,315,0.0,582
2,13,1,315,1,314,0.0,580
2,14,1,315,1,315,0.0,598
2,15,1,315,1,315,0.0,603
2,16,1,315,1,315,0.0,583
2,17,1,315,1,315,0.0,612
2,18,1,315,1,315,0.0,598
2,20,1,315,1,315,0.0,575
2,22,1,315,1,315,0.0,604
2,23,1,315,1,315,0.0,642
2,25,1,315,1,316,0.0,576
2,26,1,315,1,315,0.0,598
2,30,1,315,1,315,0.0,605
2,35,1,315,1,315,0.0,603
2,36,1,315,1,315,0.0,598
2,37,1,315,1,315,0.0,604
2,38,1,315,1,315,0.0,588
2,39,1,315,1,315,0.0,603
2,40,1,315,1,315,0.0,602
2,41,1,315,1,315,0.0,600
2,42,1,315,1,315,0.0,597
2,43,1,315,1,315,0.0,595
2,44,1,315,1,315,0.0,619
2,45,1,315,1,317,0.0,583
2,46,1,315,1,317,0.0,590
2,47,1,315,1,315,0.0,588
2,49,1,315,1,315,0.0,606
2,50,1,315,1,314,0.0,580
2,51,1,315,1,315,0.0,610
2,54,1,313,1,311,4.89e-155,438
2,34,92,315,1,224,3.62e-154,432
2,53,1,292,1,292,4.95e-120,348
2,10,1,292,1,292,3.76e-116,339
2,21,1,292,1,292,7.83e-115,335
2,11,1,292,1,295,6.69e-110,323
2,9,1,148,1,148,9.50e-92,271
2,24,1,292,1,286,3.83e-80,247
2,33,1,292,1,286,8.02e-80,246
2,32,1,292,1,286,3.67e-79,244
2,29,1,292,1,286,2.72e-76,237
2,6,3,294,2,295,2.88e-66,212
2,52,9,282,7,269,2.50e-63,205
2,19,9,282,8,270,7.15e-63,204
2,27,9,282,8,270,1.57e-62,202
2,55,9,292,7,279,3.25e-60,197
2,31,80,292,2,214,1.34e-57,187
2,48,92,292,1,201,2.19e-54,178
3,3,1,315,1,315,0.0,661
3,1,1,315,1,315,0.0,588
3,2,1,315,1,315,0.0,593
3,4,1,315,1,315,0.0,612
3,5,1,315,1,315,0.0,595
3,7,1,315,1,315,0.0,603
3,8,1,315,1,315,0.0,594
3,12,1,315,1,315,0.0,580
3,13,1,315,1,314,0.0,582
3,14,1,315,1,315,0.0,608
3,15,1,315,1,315,0.0,614
3,16,1,315,1,315,0.0,585
3,17,1,315,1,315,0.0,607
3,18,1,315,1,315,0.0,606
3,20,1,315,1,315,0.0,576
3,22,1,315,1,315,0.0,597
3,23,1,315,1,315,0.0,603
3,25,1,315,1,316,0.0,586
3,26,1,315,1,315,0.0,605
3,30,1,315,1,315,0.0,606
3,35,1,315,1,315,0.0,612
3,36,1,315,1,315,0.0,602
3,37,1,315,1,315,0.0,589
3,38,1,315,1,315,0.0,580
3,39,1,315,1,315,0.0,587
3,40,1,315,1,315,0.0,599
3,41,1,315,1,315,0.0,577
3,42,1,315,1,315,0.0,591
3,43,1,315,1,315,0.0,592
3,44,1,315,1,315,0.0,598
3,45,1,315,1,317,0.0,592
3,46,1,315,1,317,0.0,593
3,47,1,315,1,315,0.0,595
3,49,1,315,1,315,0.0,599
3,50,1,315,1,314,0.0,582
3,51,1,315,1,315,0.0,593
3,54,1,313,1,311,8.77e-156,440
3,34,92,315,1,224,4.74e-152,427
3,53,1,292,1,292,1.54e-120,350
3,10,1,292,1,292,1.54e-116,340
3,21,1,292,1,292,8.72e-116,338
3,11,1,292,1,295,3.87e-109,321
3,9,1,142,1,142,8.96e-94,276
3,24,1,292,1,286,5.73e-82,251
3,33,1,292,1,286,2.30e-79,245
3,32,1,292,1,286,8.74e-79,243
3,29,1,292,1,286,9.94e-78,241
3,6,5,292,4,280,4.67e-65,209
3,52,5,279,3,266,4.40e-64,207
3,27,5,315,4,314,3.67e-63,204
3,19,5,315,4,314,1.85e-62,202
3,55,5,292,3,279,2.23e-59,194
3,31,80,292,2,214,5.23e-59,190
3,48,92,292,1,201,1.18e-54,179
4,4,1,315,1,315,0.0,662
4,1,1,315,1,315,0.0,605
4,2,1,315,1,315,0.0,624
4,3,1,315,1,315,0.0,612
4,5,1,315,1,315,0.0,601
4,7,1,315,1,315,0.0,609
4,8,1,315,1,315,0.0,619
4,12,1,315,1,315,0.0,595
4,13,1,315,1,314,0.0,591
4,14,1,315,1,315,0.0,610
4,15,1,315,1,315,0.0,632
4,16,1,315,1,315,0.0,602
4,17,1,315,1,315,0.0,620
4,18,1,315,1,315,0.0,628
4,20,1,315,1,315,0.0,592
4,22,1,315,1,315,0.0,612
4,23,1,315,1,315,0.0,632
4,25,1,315,1,316,0.0,593
4,26,1,315,1,315,0.0,613
4,30,1,315,1,315,0.0,616
4,35,1,315,1,315,0.0,635
4,36,1,315,1,315,0.0,618
4,37,1,315,1,315,0.0,599
4,38,1,315,1,315,0.0,599
4,39,1,315,1,315,0.0,598
4,40,1,315,1,315,0.0,606
4,41,1,315,1,315,0.0,595
4,42,1,315,1,315,0.0,600
4,43,1,315,1,315,0.0,614
4,44,1,315,1,315,0.0,617
4,45,1,315,1,317,0.0,603
4,46,1,315,1,317,0.0,603
4,47,1,315,1,315,0.0,607
4,49,1,315,1,315,0.0,613
4,50,1,315,1,314,0.0,591
4,51,1,315,1,315,0.0,610
4,54,1,313,1,311,2.16e-159,449
4,34,92,315,1,224,4.05e-157,440
4,53,1,292,1,292,8.06e-117,340
4,10,1,292,1,292,3.81e-114,333
4,21,1,292,1,292,4.80e-113,331
4,11,1,292,1,295,1.34e-107,317
4,9,1,148,1,148,4.48e-99,290
4,24,1,292,1,286,9.55e-82,251
4,33,1,292,1,286,8.76e-81,248
4,32,1,292,1,286,3.37e-80,247
4,29,1,292,1,286,4.21e-77,239
4,6,5,294,4,295,5.63e-67,213
4,52,5,282,3,269,4.54e-66,212
4,27,3,282,2,270,4.57e-66,212
4,19,5,282,4,270,6.79e-65,209
4,55,5,292,3,279,1.06e-61,201
4,31,80,292,2,214,3.25e-58,188
4,48,92,292,1,201,5.96e-54,177
5,5,1,315,1,315,0.0,662
5,1,1,315,1,315,0.0,632
5,2,1,315,1,315,0.0,593
5,3,1,315,1,315,0.0,595
5,4,1,315,1,315,0.0,601
5,7,1,315,1,315,0.0,586
5,8,1,315,1,315,0.0,615
5,12,1,315,1,315,0.0,569
5,13,1,315,1,314,0.0,580
5,14,1,315,1,315,0.0,612
5,15,1,315,1,315,0.0,611
5,16,1,315,1,315,0.0,595
5,17,1,315,1,315,0.0,606
5,18,1,315,1,315,0.0,607
5,20,1,315,1,315,0.0,597
5,22,1,315,1,315,0.0,620
5,23,1,315,1,315,0.0,606
5,25,1,315,1,316,0.0,566
5,26,1,315,1,315,0.0,598
5,30,1,315,1,315,0.0,598
5,35,1,315,1,315,0.0,606
5,36,1,315,1,315,0.0,599
5,37,1,315,1,315,0.0,631
5,38,1,315,1,315,0.0,579
5,39,1,315,1,315,0.0,629
5,40,1,315,1,315,0.0,635
5,41,1,315,1,315,0.0,587
5,42,1,315,1,315,0.0,590
5,43,1,315,1,315,0.0,585
5,44,1,315,1,315,0.0,607
5,45,1,315,1,317,0.0,578
5,46,1,315,1,317,0.0,586
5,47,1,315,1,315,0.0,583
5,49,1,315,1,315,0.0,625
5,50,1,315,1,314,0.0,580
5,51,1,315,1,315,0.0,592
5,54,1,313,1,311,8.85e-153,432
5,34,92,315,1,224,4.29e-151,424
5,53,1,292,1,292,3.33e-116,339
5,10,1,292,1,292,2.19e-112,329
5,21,1,292,1,292,2.64e-111,327
5,11,1,292,1,295,2.29e-107,317
5,9,1,148,1,148,5.00e-91,270
5,24,1,292,1,286,1.14e-76,238
5,33,1,292,1,286,7.38e-76,236
5,32,1,292,1,286,2.86e-75,234
5,29,1,292,1,286,2.52e-73,229
5,6,3,294,2,295,4.48e-66,211
5,52,9,292,7,292,4.39e-62,201
5,19,9,282,8,270,1.22e-59,195
5,27,9,282,8,270,1.91e-59,195
5,55,9,282,7,269,8.50e-57,188
5,31,80,292,2,214,6.54e-56,182
5,48,92,292,1,201,3.02e-50,167
6,6,1,295,1,295,0.0,620
6,52,4,293,3,292,8.26e-114,333
6,27,1,293,1,293,1.80e-109,322
6,19,1,293,1,293,8.37e-108,317
6,55,4,293,3,292,1.46e-104,309
6,13,8,295,9,293,2.20e-69,219
6,50,8,295,9,293,2.20e-69,219
6,54,2,295,3,292,4.21e-69,219
6,16,4,295,5,294,5.10e-69,219
6,47,4,295,5,294,8.95e-69,218
6,1,2,295,3,294,1.64e-68,217
6,20,2,295,3,294,2.22e-68,217
6,7,8,280,9,292,3.73e-68,216
6,23,2,280,3,292,4.20e-68,216
6,44,8,280,9,292,1.55e-67,215
6,8,4,295,5,294,1.66e-67,215
6,36,4,280,5,292,1.81e-67,214
6,17,2,295,3,294,1.97e-67,214
6,40,2,295,3,294,3.35e-67,214
6,18,4,295,5,294,4.20e-67,214
6,4,4,295,5,294,5.27e-67,213
6,45,4,295,5,296,5.35e-67,213
6,42,8,295,9,294,5.44e-67,213
6,46,2,295,3,296,6.71e-67,213
6,51,2,295,3,294,7.95e-67,213
6,49,2,295,3,294,8.95e-67,213
6,37,2,295,3,294,1.04e-66,213
6,41,8,280,9,292,1.20e-66,213
6,15,4,295,5,294,2.37e-66,212
6,12,2,295,3,294,2.55e-66,212
6,2,2,295,3,294,2.69e-66,212
6,38,8,295,9,294,2.72e-66,212
6,39,2,295,3,294,3.65e-66,211
6,5,2,295,3,294,4.20e-66,211
6,26,4,280,5,292,1.24e-65,210
6,43,8,295,9,294,2.34e-65,209
6,3,4,280,5,292,4.37e-65,209
6,35,4,295,5,294,5.26e-65,208
6,22,2,295,3,294,6.36e-64,206
6,14,2,295,3,294,8.25e-64,205
6,25,4,295,5,295,8.96e-64,205
6,30,8,295,9,294,4.07e-63,203
6,33,8,294,9,287,1.05e-61,199
6,32,8,294,9,287,3.13e-61,198
6,53,8,294,9,293,8.20e-61,197
6,10,8,294,9,293,5.47e-60,195
6,21,8,294,9,293,2.00e-59,193
6,24,8,294,9,287,3.00e-57,187
6,29,8,294,9,287,3.70e-56,185
6,11,8,294,9,296,9.38e-56,184
6,34,86,295,2,203,1.86e-48,163
6,31,80,294,9,215,1.62e-43,150
6,48,86,294,2,202,4.12e-43,148
6,9,4,141,5,148,3.15e-21,90.1
7,7,1,315,1,315,0.0,663
7,1,1,315,1,315,0.0,581
7,2,1,315,1,315,0.0,595
7,3,1,315,1,315,0.0,603
7,4,1,315,1,315,0.0,609
7,5,1,315,1,315,0.0,586
7,8,1,315,1,315,0.0,583
7,12,1,315,1,315,0.0,585
7,13,1,315,1,314,0.0,610
7,14,1,315,1,315,0.0,595
7,15,1,315,1,315,0.0,599
7,16,1,315,1,315,0.0,578
7,17,1,315,1,315,0.0,607
7,18,1,315,1,315,0.0,596
7,20,1,315,1,315,0.0,587
7,22,1,315,1,315,0.0,587
7,23,1,315,1,315,0.0,610
7,25,1,315,1,316,0.0,571
7,26,1,315,1,315,0.0,592
7,30,1,315,1,315,0.0,619
7,35,1,315,1,315,0.0,612
7,36,1,315,1,315,0.0,595
7,37,1,315,1,315,0.0,582
7,38,1,315,1,315,0.0,598
7,39,1,315,1,315,0.0,578
7,40,1,315,1,315,0.0,588
7,41,1,315,1,315,0.0,585
7,42,1,315,1,315,0.0,588
7,43,1,315,1,315,0.0,621
7,44,1,315,1,315,0.0,595
7,45,1,315,1,317,0.0,578
7,46,1,315,1,317,0.0,585
7,47,1,315,1,315,0.0,582
7,49,1,315,1,315,0.0,591
7,50,1,315,1,314,0.0,610
7,51,1,315,1,315,0.0,613
7,54,1,313,1,311,8.58e-156,440
7,34,92,315,1,224,4.60e-153,429
7,53,1,292,1,292,4.04e-123,357
7,10,1,292,1,292,4.81e-119,346
7,21,1,292,1,292,2.95e-118,344
7,11,1,292,1,295,3.63e-112,329
7,9,1,148,1,148,4.25e-88,262
7,24,1,292,1,286,2.82e-85,260
7,33,1,292,1,286,7.44e-83,254
7,32,1,292,1,286,3.40e-82,252
7,29,1,292,1,286,1.43e-80,248
7,6,9,292,8,280,3.98e-68,216
7,52,9,282,7,269,4.47e-65,209
7,27,9,292,8,280,1.02e-63,206
7,19,9,282,8,270,1.80e-63,205
7,55,9,292,7,279,8.93e-62,201
7,31,80,292,2,214,1.95e-60,194
7,48,92,292,1,201,6.45e-55,179
8,8,1,315,1,315,0.0,664
8,1,1,315,1,315,0.0,616
8,2,1,315,1,315,0.0,590
8,3,1,315,1,315,0.0,594
8,4,1,315,1,315,0.0,619
8,5,1,315,1,315,0.0,615
8,7,1,315,1,315,0.0,583
8,12,1,315,1,315,0.0,581
8,13,1,315,1,314,0.0,573
8,14,1,315,1,315,0.0,605
8,15,1,315,1,315,0.0,624
8,16,1,315,1,315,0.0,597
8,17,1,315,1,315,0.0,603
8,18,1,315,1,315,0.0,629
8,20,1,315,1,315,0.0,609
8,22,1,315,1,315,0.0,605
8,23,1,315,1,315,0.0,598
8,25,1,315,1,316,0.0,565
8,26,1,315,1,315,0.0,601
8,30,1,315,1,315,0.0,595
8,35,1,315,1,315,0.0,615
8,36,1,315,1,315,0.0,613
8,37,1,315,1,315,0.0,622
8,38,1,315,1,315,0.0,573
8,39,1,315,1,315,0.0,624
8,40,1,315,1,315,0.0,625
8,41,1,315,1,315,0.0,572
8,42,1,315,1,315,0.0,578
8,43,1,315,1,315,0.0,590
8,44,1,315,1,315,0.0,602
8,45,1,315,1,317,0.0,590
8,46,1,315,1,317,0.0,575
8,47,1,315,1,315,0.0,595
8,49,1,315,1,315,0.0,600
8,50,1,315,1,314,0.0,573
8,51,1,315,1,315,0.0,587
8,54,1,313,1,311,1.56e-152,432
8,34,92,315,1,224,3.54e-147,415
8,10,1,292,1,292,3.23e-115,336
8,53,1,292,1,292,3.85e-115,336
8,21,1,292,1,292,3.13e-114,334
8,11,1,292,1,295,1.02e-108,320
8,9,1,148,1,148,3.54e-101,295
8,24,1,292,1,286,1.38e-80,248
8,33,1,292,1,286,1.12e-78,243
8,32,1,292,1,286,3.78e-78,242
8,29,1,292,1,286,1.09e-75,236
8,6,5,294,4,295,1.77e-67,215
8,52,5,292,3,292,1.64e-65,210
8,27,3,282,2,270,7.07e-63,204
8,19,5,282,4,270,1.00e-61,201
8,55,5,282,3,269,1.43e-58,192
8,31,80,292,2,214,1.37e-56,184
8,48,92,292,1,201,3.54e-53,175
9,9,1,153,1,153,9.79e-114,320
9,8,1,148,1,148,1.72e-101,295
9,4,1,148,1,148,2.18e-99,290
9,15,1,148,1,148,2.41e-98,287
9,18,1,148,1,148,3.24e-98,287
9,35,1,148,1,148,2.98e-97,285
9,36,1,148,1,148,1.02e-96,283
9,3,1,142,1,142,4.35e-94,276
9,14,1,148,1,148,3.11e-93,275
9,40,1,148,1,148,4.31e-93,274
9,37,1,148,1,148,6.25e-93,274
9,1,1,148,1,148,1.67e-92,273
9,26,1,148,1,148,2.61e-92,272
9,39,1,148,1,148,3.40e-92,272
9,17,1,148,1,148,4.00e-92,271
9,2,1,148,1,148,4.61e-92,271
9,22,1,148,1,148,8.98e-92,271
9,44,1,148,1,148,8.98e-92,271
9,23,1,148,1,148,1.91e-91,270
9,5,1,148,1,148,2.43e-91,270
9,45,1,148,1,148,3.63e-91,269
9,47,1,148,1,148,4.93e-91,269
9,38,1,148,1,148,1.32e-90,268
9,49,1,148,1,148,2.18e-90,267
9,16,1,148,1,148,3.33e-90,267
9,30,1,148,1,148,4.10e-90,266
9,51,1,148,1,148,7.56e-90,266
9,43,1,148,1,148,2.04e-89,265
9,46,1,148,1,148,4.38e-89,264
9,7,1,148,1,148,2.07e-88,262
9,25,1,142,1,142,4.02e-88,261
9,20,1,148,1,148,1.32e-87,260
9,12,1,148,1,148,3.38e-86,256
9,42,1,148,1,148,2.25e-84,252
9,41,1,142,1,142,6.55e-82,246
9,13,1,142,1,141,1.05e-81,245
9,50,1,142,1,141,1.05e-81,245
9,54,1,142,1,142,7.09e-78,235
9,10,1,139,1,137,9.91e-67,206
9,53,1,139,1,137,2.76e-66,205
9,21,1,139,1,137,1.01e-65,204
9,11,1,139,1,140,1.17e-59,188
9,24,1,138,1,130,2.54e-32,118
9,29,1,138,1,130,4.68e-30,112
9,33,1,142,1,134,2.59e-29,110
9,32,1,142,1,134,2.76e-29,110
9,34,92,142,1,51,2.99e-23,93.2
9,52,5,148,3,140,1.22e-22,93.2
9,6,5,148,4,141,1.63e-21,90.1
9,27,3,148,2,141,2.97e-21,89.7
9,19,9,148,8,141,2.20e-20,87.4
9,55,5,138,3,130,1.39e-17,79.7
9,31,79,138,1,58,3.41e-08,53.1
9,48,92,138,1,45,2.09e-06,47.8
10,10,1,295,1,295,0.0,619
10,11,1,295,1,298,0.0,584
10,21,1,295,1,295,0.0,612
10,53,1,295,1,295,0.0,556
10,29,1,295,1,289,8.22e-167,466
10,24,1,295,1,289,7.11e-165,461
10,33,1,295,1,289,6.30e-150,423
10,32,1,295,1,289,2.56e-149,422
10,48,92,295,1,204,4.35e-147,413
10,31,80,295,2,217,5.49e-144,405
10,7,1,292,1,292,4.50e-119,346
10,17,1,292,1,292,1.04e-118,345
10,47,1,292,1,292,2.45e-118,344
10,30,1,292,1,292,4.57e-117,341
10,36,1,292,1,292,5.75e-117,341
10,44,1,292,1,292,7.31e-117,340
10,3,1,292,1,292,1.44e-116,340
10,45,1,292,1,294,1.51e-116,340
10,51,1,292,1,292,2.13e-116,339
10,14,1,292,1,292,2.27e-116,339
10,43,1,292,1,292,2.77e-116,339
10,2,1,292,1,292,3.52e-116,339
10,20,1,292,1,292,8.62e-116,338
10,37,1,292,1,292,1.20e-115,337
10,38,1,292,1,292,1.20e-115,337
10,23,1,292,1,292,1.41e-115,337
10,8,1,292,1,292,3.03e-115,336
10,15,1,292,1,292,2.05e-114,334
10,40,1,292,1,292,2.18e-114,334
10,39,1,292,1,292,3.27e-114,334
10,4,1,292,1,292,3.57e-114,333
10,16,1,292,1,292,5.83e-114,333
10,18,1,292,1,292,6.87e-114,333
10,49,1,292,1,292,7.42e-114,333
10,35,1,292,1,292,8.01e-114,333
10,46,1,292,1,294,1.28e-113,332
10,22,1,292,1,292,5.84e-113,330
10,1,1,292,1,292,1.40e-112,330
10,5,1,292,1,292,2.05e-112,329
10,26,1,292,1,292,3.35e-112,328
10,13,1,292,1,291,4.21e-112,328
10,50,1,292,1,291,4.21e-112,328
10,12,1,292,1,292,7.27e-112,328
10,25,1,292,1,293,1.42e-110,325
10,41,1,292,1,292,2.58e-109,321
10,42,1,292,1,292,4.55e-109,321
10,54,1,292,1,290,1.13e-103,307
10,9,1,137,1,139,1.91e-66,206
10,6,9,293,8,294,5.47e-60,195
10,34,92,292,1,201,6.89e-56,182
10,52,9,292,7,279,1.12e-51,174
10,27,9,294,8,295,2.02e-49,168
10,19,5,279,4,267,1.66e-48,166
10,55,9,279,7,266,1.16e-45,158
11,11,1,298,1,298,0.0,629
11,10,1,298,1,295,0.0,584
11,21,1,298,1,295,0.0,591
11,53,1,298,1,295,0.0,537
11,29,1,298,1,289,9.78e-161,451
11,24,1,298,1,289,4.06e-159,447
11,33,1,298,1,289,6.32e-149,421
11,32,1,298,1,289,2.71e-148,419
11,48,99,298,5,204,1.38e-143,404
11,31,80,298,2,217,2.45e-138,391
11,7,1,295,1,292,3.43e-112,329
11,47,1,295,1,292,3.58e-112,329
11,17,1,295,1,292,5.67e-112,328
11,23,1,295,1,292,3.04e-110,324
11,45,1,295,1,294,3.19e-110,324
11,44,1,295,1,292,3.36e-110,324
11,30,1,295,1,292,4.66e-110,323
11,36,1,295,1,292,6.26e-110,323
11,2,1,295,1,292,6.33e-110,323
11,38,1,295,1,292,1.34e-109,322
11,14,1,295,1,292,1.84e-109,322
11,51,1,295,1,292,2.82e-109,321
11,43,1,295,1,292,3.08e-109,321
11,3,1,295,1,292,3.66e-109,321
11,37,1,295,1,292,7.37e-109,320
11,20,1,295,1,292,8.68e-109,320
11,8,1,295,1,292,9.68e-109,320
11,16,1,295,1,292,1.24e-108,320
11,49,1,295,1,292,1.37e-108,320
11,22,1,295,1,292,1.60e-108,319
11,40,1,295,1,292,6.82e-108,318
11,46,1,295,1,294,9.17e-108,318
11,15,1,295,1,292,9.36e-108,317
11,4,1,295,1,292,1.27e-107,317
11,5,1,295,1,292,2.17e-107,317
11,39,1,295,1,292,2.24e-107,317
11,1,1,295,1,292,2.26e-107,317
11,25,1,295,1,293,3.74e-107,316
11,18,1,295,1,292,4.70e-107,316
11,35,1,295,1,292,7.60e-107,315
11,26,1,295,1,292,8.12e-107,315
11,13,1,295,1,291,4.65e-106,313
11,50,1,295,1,291,4.65e-106,313
11,42,1,295,1,292,1.98e-105,311
11,12,1,295,1,292,6.16e-105,310
11,41,1,295,1,292,1.22e-104,310
11,54,1,295,1,290,2.55e-101,301
11,9,1,140,1,139,2.28e-59,188
11,6,9,296,8,294,9.47e-56,184
11,34,100,295,6,201,9.69e-52,171
11,52,9,285,7,269,4.90e-49,167
11,19,5,282,4,267,1.80e-46,160
11,27,9,297,8,295,3.42e-45,157
11,55,9,282,7,266,5.83e-44,154
12,12,1,315,1,315,0.0,662
12,1,1,315,1,315,0.0,564
12,2,1,315,1,315,0.0,582
12,3,1,315,1,315,0.0,580
12,4,1,315,1,315,0.0,595
12,5,1,315,1,315,0.0,569
12,7,1,315,1,315,0.0,585
12,8,1,315,1,315,0.0,581
12,13,1,315,1,314,0.0,573
12,14,1,315,1,315,0.0,583
12,15,1,315,1,315,0.0,601
12,16,1,315,1,315,0.0,575
12,17,1,315,1,315,0.0,588
12,18,1,315,1,315,0.0,596
12,20,1,315,1,315,0.0,613
12,22,1,315,1,315,0.0,575
12,23,1,315,1,315,0.0,583
12,25,1,315,1,316,0.0,558
12,26,1,315,1,315,0.0,600
12,30,1,315,1,315,0.0,589
12,35,1,315,1,315,0.0,595
12,36,1,315,1,315,0.0,602
12,37,1,315,1,315,0.0,571
12,38,1,315,1,315,0.0,568
12,39,1,315,1,315,0.0,578
12,40,1,315,1,315,0.0,573
12,41,1,315,1,315,0.0,572
12,42,1,315,1,315,0.0,568
12,43,1,315,1,315,0.0,596
12,44,1,315,1,315,0.0,586
12,45,1,315,1,317,0.0,565
12,46,1,315,1,317,0.0,569
12,47,1,315,1,315,0.0,569
12,49,1,315,1,315,0.0,581
12,50,1,315,1,314,0.0,573
12,51,1,315,1,315,0.0,590
12,34,92,315,1,224,6.26e-154,432
12,54,1,313,1,311,1.33e-152,432
12,53,1,292,1,292,1.60e-117,342
12,10,1,292,1,292,7.76e-112,328
12,21,1,292,1,292,5.48e-111,326
12,11,1,292,1,295,6.51e-105,310
12,9,1,148,1,148,6.95e-86,256
12,24,1,292,1,286,1.77e-79,245
12,33,1,292,1,286,5.97e-78,241
12,32,1,292,1,286,2.15e-77,240
12,29,1,292,1,286,8.61e-77,238
12,6,3,294,2,295,2.73e-66,212
12,52,5,282,3,269,7.03e-65,209
12,19,9,315,8,314,9.08e-65,208
12,27,5,315,4,314,4.83e-64,206
12,55,9,292,7,279,4.40e-60,196
12,31,80,292,2,214,3.17e-56,183
12,48,92,292,1,201,3.55e-54,177
13,13,1,314,1,314,0.0,659
13,1,1,314,1,315,0.0,575
13,2,1,314,1,315,0.0,580
13,3,1,314,1,315,0.0,582
13,4,1,314,1,315,0.0,591
13,5,1,314,1,315,0.0,580
13,7,1,314,1,315,0.0,610
13,8,1,314,1,315,0.0,573
13,12,1,314,1,315,0.0,573
13,14,1,314,1,315,0.0,586
13,15,1,314,1,315,0.0,591
13,16,1,314,1,315,0.0,565
13,17,1,314,1,315,0.0,588
13,18,1,314,1,315,0.0,583
13,20,1,314,1,315,0.0,575
13,22,1,314,1,315,0.0,577
13,23,1,314,1,315,0.0,585
13,25,1,314,1,316,0.0,555
13,26,1,314,1,315,0.0,577
13,30,1,314,1,315,0.0,596
13,35,1,314,1,315,0.0,595
13,36,1,314,1,315,0.0,582
13,37,1,314,1,315,0.0,572
13,38,1,314,1,315,0.0,588
13,39,1,314,1,315,0.0,567
13,40,1,314,1,315,0.0,576
13,41,1,314,1,315,0.0,593
13,42,1,314,1,315,0.0,583
13,43,1,314,1,315,0.0,605
13,44,1,314,1,315,0.0,582
13,45,1,314,1,317,0.0,559
13,46,1,314,1,317,0.0,576
13,47,1,314,1,315,0.0,563
13,49,1,314,1,315,0.0,588
13,50,1,314,1,314,0.0,659
13,51,1,314,1,315,0.0,588
13,34,91,314,1,224,7.46e-159,444
13,54,1,312,1,311,1.25e-152,432
13,53,1,291,1,292,4.88e-114,333
13,10,1,291,1,292,4.48e-112,328
13,21,1,291,1,292,8.35e-111,325
13,11,1,291,1,295,4.89e-106,313
13,24,1,291,1,286,8.16e-85,259
13,33,1,291,1,286,2.67e-82,252
13,32,1,291,1,286,9.23e-82,251
13,9,1,141,1,142,2.15e-81,245
13,29,1,291,1,286,1.34e-80,248
13,6,9,293,8,295,2.34e-69,219
13,52,9,291,7,292,4.69e-66,212
13,27,9,281,8,270,4.96e-65,209
13,19,9,281,8,270,2.90e-62,202
13,55,9,281,7,269,3.62e-61,199
13,31,79,291,2,214,2.48e-59,191
13,48,91,291,1,201,9.11e-54,176
14,14,1,315,1,315,0.0,663
14,1,1,315,1,315,0.0,597
14,2,1,315,1,315,0.0,598
14,3,1,315,1,315,0.0,608
14,4,1,315,1,315,0.0,610
14,5,1,315,1,315,0.0,612
14,7,1,315,1,315,0.0,595
14,8,1,315,1,315,0.0,605
14,12,1,315,1,315,0.0,583
14,13,1,315,1,314,0.0,586
14,15,1,315,1,315,0.0,615
14,16,1,315,1,315,0.0,585
14,17,1,315,1,315,0.0,613
14,18,1,315,1,315,0.0,622
14,20,1,315,1,315,0.0,585
14,22,1,315,1,315,0.0,619
14,23,1,315,1,315,0.0,607
14,25,1,315,1,316,0.0,571
14,26,1,315,1,315,0.0,596
14,30,1,315,1,315,0.0,620
14,35,1,315,1,315,0.0,611
14,36,1,315,1,315,0.0,599
14,37,1,315,1,315,0.0,603
14,38,1,315,1,315,0.0,586
14,39,1,315,1,315,0.0,600
14,40,1,315,1,315,0.0,610
14,41,1,315,1,315,0.0,588
14,42,1,315,1,315,0.0,593
14,43,1,315,1,315,0.0,600
14,44,1,315,1,315,0.0,620
14,45,1,315,1,317,0.0,583
14,46,1,315,1,317,0.0,590
14,47,1,315,1,315,0.0,587
14,49,1,315,1,315,0.0,610
14,50,1,315,1,314,0.0,586
14,51,1,315,1,315,0.0,600
14,54,1,313,1,311,2.29e-157,444
14,34,92,315,1,224,5.84e-152,427
14,53,1,292,1,292,2.03e-119,347
14,10,1,292,1,292,2.43e-116,339
14,21,1,292,1,292,5.11e-115,336
14,11,1,292,1,295,1.95e-109,322
14,9,1,148,1,148,6.40e-93,275
14,24,1,292,1,286,8.95e-82,251
14,33,1,292,1,286,2.33e-79,245
14,32,1,292,1,286,9.43e-79,243
14,29,1,292,1,286,1.03e-77,241
14,6,3,294,2,295,8.80e-64,205
14,52,5,315,3,313,8.81e-63,203
14,19,5,315,4,314,1.72e-61,200
14,27,5,282,4,270,4.42e-61,199
14,55,9,292,7,279,6.83e-59,193
14,31,80,292,2,214,7.55e-59,190
14,48,92,292,1,201,1.87e-53,176
15,15,1,315,1,315,0.0,661
15,1,1,315,1,315,0.0,604
15,2,1,315,1,315,0.0,603
15,3,1,315,1,315,0.0,614
15,4,1,315,1,315,0.0,632
15,5,1,315,1,315,0.0,611
15,7,1,315,1,315,0.0,599
15,8,1,315,1,315,0.0,624
15,12,1,315,1,315,0.0,601
15,13,1,315,1,314,0.0,591
15,14,1,315,1,315,0.0,615
15,16,1,315,1,315,0.0,593
15,17,1,315,1,315,0.0,626
15,18,1,315,1,315,0.0,639
15,20,1,315,1,315,0.0,598
15,22,1,315,1,315,0.0,614
15,23,1,315,1,315,0.0,612
15,25,1,315,1,316,0.0,580
15,26,1,315,1,315,0.0,611
15,30,1,315,1,315,0.0,612
15,35,1,315,1,315,0.0,635
15,36,1,315,1,315,0.0,616
15,37,1,315,1,315,0.0,602
15,38,1,315,1,315,0.0,592
15,39,1,315,1,315,0.0,603
15,40,1,315,1,315,0.0,611
15,41,1,315,1,315,0.0,588
15,42,1,315,1,315,0.0,592
15,43,1,315,1,315,0.0,609
15,44,1,315,1,315,0.0,612
15,45,1,315,1,317,0.0,591
15,46,1,315,1,317,0.0,590
15,47,1,315,1,315,0.0,594
15,49,1,315,1,315,0.0,623
15,50,1,315,1,314,0.0,591
15,51,1,315,1,315,0.0,600
15,54,1,313,1,311,1.56e-157,444
15,34,92,315,1,224,3.54e-154,432
15,53,1,292,1,292,2.17e-118,344
15,10,1,292,1,292,2.18e-114,334
15,21,1,292,1,292,2.55e-113,332
15,11,1,292,1,295,9.89e-108,317
15,9,1,148,1,148,4.97e-98,287
15,24,1,292,1,286,9.05e-81,248
15,33,1,292,1,286,6.23e-78,241
15,32,1,292,1,286,2.53e-77,240
15,29,1,292,1,286,3.17e-76,237
15,6,5,294,4,295,2.53e-66,212
15,52,5,292,3,292,2.34e-65,210
15,27,3,282,2,270,1.82e-63,205
15,19,5,282,4,270,3.30e-62,202
15,55,5,282,3,269,1.55e-60,197
15,31,80,292,2,214,4.45e-58,188
15,48,92,292,1,201,2.08e-52,173
16,16,1,315,1,315,0.0,663
16,1,1,315,1,315,0.0,588
16,2,1,315,1,315,0.0,583
16,3,1,315,1,315,0.0,585
16,4,1,315,1,315,0.0,602
16,5,1,315,1,315,0.0,595
16,7,1,315,1,315,0.0,578
16,8,1,315,1,315,0.0,597
16,12,1,315,1,315,0.0,575
16,13,1,315,1,314,0.0,565
16,14,1,315,1,315,0.0,585
16,15,1,315,1,315,0.0,593
16,17,1,315,1,315,0.0,582
16,18,1,315,1,315,0.0,595
16,20,1,315,1,315,0.0,583
16,22,1,315,1,315,0.0,584
16,23,1,315,1,315,0.0,588
16,25,1,315,1,316,0.0,591
16,26,1,315,1,315,0.0,584
16,30,1,315,1,315,0.0,585
16,35,1,315,1,315,0.0,597
16,36,1,315,1,315,0.0,593
16,37,1,315,1,315,0.0,590
16,38,1,315,1,315,0.0,573
16,39,1,315,1,315,0.0,589
16,40,1,315,1,315,0.0,596
16,41,1,315,1,315,0.0,577
16,42,1,315,1,315,0.0,577
16,43,1,315,1,315,0.0,581
16,44,1,315,1,315,0.0,590
16,45,1,315,1,317,0.0,604
16,46,1,315,1,317,0.0,593
16,47,1,315,1,315,0.0,608
16,49,1,315,1,315,0.0,585
16,50,1,315,1,314,0.0,565
16,51,1,315,1,315,0.0,575
16,54,1,313,1,311,1.25e-153,434
16,34,92,315,1,224,3.52e-151,425
16,53,1,292,1,292,3.97e-116,338
16,10,1,292,1,292,6.23e-114,333
16,21,1,292,1,292,1.09e-113,332
16,11,1,292,1,295,1.31e-108,320
16,9,1,148,1,148,6.87e-90,267
16,24,1,292,1,286,1.40e-79,246
16,33,1,292,1,286,4.22e-79,244
16,32,1,292,1,286,1.29e-78,243
16,29,1,292,1,286,2.11e-75,235
16,6,5,294,4,295,5.44e-69,219
16,52,5,282,3,269,2.91e-62,202
16,27,5,282,4,270,8.25e-62,201
16,19,3,282,2,270,5.37e-61,199
16,55,5,292,3,279,1.17e-59,195
16,31,80,292,2,214,7.06e-56,182
16,48,92,292,1,201,1.28e-51,171
17,17,1,315,1,315,0.0,664
17,1,1,315,1,315,0.0,601
17,2,1,315,1,315,0.0,612
17,3,1,315,1,315,0.0,607
17,4,1,315,1,315,0.0,620
17,5,1,315,1,315,0.0,606
17,7,1,315,1,315,0.0,607
17,8,1,315,1,315,0.0,603
17,12,1,315,1,315,0.0,588
17,13,1,315,1,314,0.0,588
17,14,1,315,1,315,0.0,613
17,15,1,315,1,315,0.0,626
17,16,1,315,1,315,0.0,582
17,18,1,315,1,315,0.0,613
17,20,1,315,1,315,0.0,581
17,22,1,315,1,315,0.0,612
17,23,1,315,1,315,0.0,621
17,25,1,315,1,316,0.0,570
17,26,1,315,1,315,0.0,598
17,30,1,315,1,315,0.0,614
17,35,1,315,1,315,0.0,619
17,36,1,315,1,315,0.0,602
17,37,1,315,1,315,0.0,603
17,38,1,315,1,315,0.0,595
17,39,1,315,1,315,0.0,604
17,40,1,315,1,315,0.0,616
17,41,1,315,1,315,0.0,590
17,42,1,315,1,315,0.0,600
17,43,1,315,1,315,0.0,605
17,44,1,315,1,315,0.0,614
17,45,1,315,1,317,0.0,582
17,46,1,315,1,317,0.0,587
17,47,1,315,1,315,0.0,587
17,49,1,315,1,315,0.0,621
17,50,1,315,1,314,0.0,588
17,51,1,315,1,315,0.0,610
17,34,92,315,1,224,1.98e-154,433
17,54,1,313,1,311,2.36e-154,436
17,53,1,292,1,292,4.15e-121,351
17,10,1,292,1,292,1.11e-118,345
17,21,1,292,1,292,2.25e-117,342
17,11,1,292,1,295,5.99e-112,328
17,9,1,148,1,148,8.24e-92,271
17,24,1,292,1,286,8.85e-82,251
17,33,1,292,1,286,4.71e-80,247
17,32,1,292,1,286,1.73e-79,245
17,29,1,292,1,286,4.70e-78,241
17,6,3,294,2,295,2.10e-67,214
17,52,9,282,7,269,2.14e-64,207
17,19,9,282,8,270,1.93e-62,202
17,27,9,282,8,270,6.37e-62,201
17,31,80,292,2,214,1.68e-60,194
17,55,9,282,7,269,1.36e-58,192
17,48,92,292,1,201,1.82e-56,183
18,18,1,315,1,315,0.0,664
18,1,1,315,1,315,0.0,606
18,2,1,315,1,315,0.0,598
18,3,1,315,1,315,0.0,606
18,4,1,315,1,315,0.0,628
18,5,1,315,1,315,0.0,607
18,7,1,315,1,315,0.0,596
18,8,1,315,1,315,0.0,629
18,12,1,315,1,315,0.0,596
18,13,1,315,1,314,0.0,583
18,14,1,315,1,315,0.0,622
18,15,1,315,1,315,0.0,639
18,16,1,315,1,315,0.0,595
18,17,1,315,1,315,0.0,613
18,20,1,315,1,315,0.0,602
18,22,1,315,1,315,0.0,623
18,23,1,315,1,315,0.0,607
18,25,1,315,1,316,0.0,579
18,26,1,315,1,315,0.0,607
18,30,1,315,1,315,0.0,603
18,35,1,315,1,315,0.0,634
18,36,1,315,1,315,0.0,617
18,37,1,315,1,315,0.0,602
18,38,1,315,1,315,0.0,585
18,39,1,315,1,315,0.0,604
18,40,1,315,1,315,0.0,609
18,41,1,315,1,315,0.0,585
18,42,1,315,1,315,0.0,581
18,43,1,315,1,315,0.0,602
18,44,1,315,1,315,0.0,625
18,45,1,315,1,317,0.0,591
18,46,1,315,1,317,0.0,589
18,47,1,315,1,315,0.0,595
18,49,1,315,1,315,0.0,608
18,50,1,315,1,314,0.0,583
18,51,1,315,1,315,0.0,598
18,54,1,313,1,311,2.75e-159,449
18,34,92,315,1,224,2.41e-152,428
18,53,1,292,1,292,9.69e-118,343
18,10,1,292,1,292,7.34e-114,333
18,21,1,292,1,292,1.25e-112,330
18,11,1,292,1,295,4.97e-107,316
18,9,1,148,1,148,6.67e-98,287
18,24,1,292,1,286,3.37e-80,247
18,33,1,292,1,286,3.15e-78,242
18,32,1,292,1,286,1.10e-77,241
18,29,1,292,1,286,1.04e-75,236
18,6,5,294,4,295,4.49e-67,214
18,27,3,315,2,314,1.65e-63,205
18,52,5,292,3,292,4.01e-63,204
18,19,5,282,4,270,4.32e-62,201
18,55,5,282,3,269,4.17e-60,196
18,31,80,292,2,214,2.59e-57,186
18,48,92,292,1,201,4.42e-52,172
19,19,1,314,1,314,0.0,652
19,27,1,314,1,314,0.0,564
19,52,4,314,3,313,0.0,568
19,55,3,314,2,313,0.0,506
19,6,1,293,1,293,8.91e-108,317
19,54,8,267,9,277,1.61e-68,218
19,20,2,270,3,282,2.65e-65,210
19,4,4,270,5,282,6.77e-65,209
19,12,8,314,9,315,9.05e-65,208
19,51,4,270,5,282,2.10e-64,207
19,36,4,270,5,282,3.41e-64,207
19,47,2,314,3,315,3.41e-64,207
19,7,8,270,9,282,1.79e-63,205
19,23,8,270,9,282,2.32e-63,205
19,43,8,270,9,282,6.98e-63,204
19,2,8,270,9,282,7.13e-63,204
19,44,4,270,5,282,8.56e-63,203
19,30,8,270,9,282,9.85e-63,203
19,26,4,270,5,282,1.21e-62,203
19,45,2,314,3,317,1.31e-62,203
19,3,4,314,5,315,1.84e-62,202
19,17,8,270,9,282,1.92e-62,202
19,13,8,270,9,281,2.90e-62,202
19,50,8,270,9,281,2.90e-62,202
19,15,4,270,5,282,3.29e-62,202
19,46,4,270,5,284,3.41e-62,202
19,18,4,270,5,282,4.31e-62,201
19,35,4,270,5,282,4.55e-62,201
19,1,8,270,9,282,4.90e-62,201
19,41,8,270,9,282,9.56e-62,201
19,8,4,270,5,282,9.98e-62,201
19,38,8,270,9,282,1.01e-61,201
19,40,8,270,9,282,1.11e-61,201
19,42,4,314,5,315,1.59e-61,200
19,14,4,314,5,315,1.71e-61,200
19,22,8,270,9,282,2.78e-61,199
19,25,4,270,5,283,4.12e-61,199
19,16,2,270,3,282,5.35e-61,199
19,37,8,270,9,282,2.31e-60,197
19,49,8,270,9,282,2.90e-60,197
19,39,8,270,9,282,1.12e-59,195
19,5,8,270,9,282,1.21e-59,195
19,21,4,267,5,279,1.77e-49,168
19,53,8,295,9,294,1.49e-48,166
19,10,4,267,5,279,1.77e-48,166
19,24,2,267,3,273,1.18e-47,163
19,11,4,267,5,282,1.90e-46,160
19,34,86,270,2,191,1.20e-45,156
19,33,2,267,3,273,5.41e-45,157
19,29,2,267,3,273,1.82e-44,155
19,32,2,267,3,273,2.11e-44,155
19,31,76,295,5,216,9.72e-41,143
19,48,86,295,2,203,4.04e-34,125
19,9,8,141,9,148,4.52e-20,87.4
20,20,1,315,1,315,0.0,662
20,1,1,315,1,315,0.0,596
20,2,1,315,1,315,0.0,575
20,3,1,315,1,315,0.0,576
20,4,1,315,1,315,0.0,592
20,5,1,315,1,315,0.0,597
20,7,1,315,1,315,0.0,587
20,8,1,315,1,315,0.0,609
20,12,1,315,1,315,0.0,613
20,13,1,315,1,314,0.0,575
20,14,1,315,1,315,0.0,585
20,15,1,315,1,315,0.0,598
20,16,1,315,1,315,0.0,583
20,17,1,315,1,315,0.0,581
20,18,1,315,1,315,0.0,602
20,22,1,315,1,315,0.0,575
20,23,1,315,1,315,0.0,577
20,25,1,315,1,316,0.0,551
20,26,1,315,1,315,0.0,595
20,30,1,315,1,315,0.0,591
20,35,1,315,1,315,0.0,592
20,36,1,315,1,315,0.0,607
20,37,1,315,1,315,0.0,601
20,38,1,315,1,315,0.0,575
20,39,1,315,1,315,0.0,600
20,40,1,315,1,315,0.0,598
20,41,1,315,1,315,0.0,557
20,42,1,315,1,315,0.0,555
20,43,1,315,1,315,0.0,592
20,44,1,315,1,315,0.0,583
20,45,1,315,1,317,0.0,566
20,46,1,315,1,317,0.0,570
20,47,1,315,1,315,0.0,570
20,49,1,315,1,315,0.0,578
20,50,1,315,1,314,0.0,575
20,51,1,315,1,315,0.0,578
20,54,1,313,1,311,1.22e-155,439
20,34,92,315,1,224,1.53e-149,421
20,53,1,292,1,292,4.68e-116,338
20,10,1,292,1,292,9.21e-116,338
20,21,1,292,1,292,2.02e-114,334
20,11,1,292,1,295,9.17e-109,320
20,9,1,148,1,148,2.72e-87,260
20,24,1,292,1,286,4.46e-80,247
20,33,1,292,1,286,1.79e-78,243
20,32,1,292,1,286,6.58e-78,241
20,29,1,292,1,286,8.25e-77,238
20,6,3,294,2,295,2.37e-68,217
20,27,3,282,2,270,4.38e-66,212
20,52,4,292,2,292,1.42e-65,211
20,19,3,282,2,270,2.66e-65,210
20,55,4,282,2,269,1.33e-61,200
20,31,80,292,2,214,6.70e-57,185
20,48,92,292,1,201,2.20e-53,176
21,21,1,295,1,295,0.0,622
21,10,1,295,1,295,0.0,612
21,11,1,295,1,298,0.0,591
21,53,1,295,1,295,0.0,558
21,29,1,295,1,289,7.14e-168,469
21,24,1,295,1,289,6.17e-165,461
21,33,1,295,1,289,4.11e-150,424
21,48,92,295,1,204,1.85e-149,419
21,32,1,295,1,289,1.92e-149,422
21,31,80,295,2,217,5.20e-144,405
21,7,1,292,1,292,2.76e-118,344
21,17,1,292,1,292,2.10e-117,342
21,47,1,292,1,292,5.68e-117,341
21,36,1,292,1,292,3.56e-116,339
21,30,1,292,1,292,5.95e-116,338
21,44,1,292,1,292,8.07e-116,338
21,3,1,292,1,292,8.16e-116,338
21,43,1,292,1,292,2.71e-115,337
21,51,1,292,1,292,3.98e-115,336
21,45,1,292,1,294,4.12e-115,336
21,14,1,292,1,292,4.79e-115,336
21,2,1,292,1,292,7.33e-115,335
21,38,1,292,1,292,1.20e-114,335
21,37,1,292,1,292,1.64e-114,335
21,20,1,292,1,292,1.89e-114,334
21,23,1,292,1,292,2.54e-114,334
21,8,1,292,1,292,2.93e-114,334
21,16,1,292,1,292,1.02e-113,332
21,15,1,292,1,292,2.39e-113,332
21,40,1,292,1,292,2.97e-113,331
21,39,1,292,1,292,4.25e-113,331
21,4,1,292,1,292,4.49e-113,331
21,49,1,292,1,292,9.44e-113,330
21,18,1,292,1,292,1.17e-112,330
21,35,1,292,1,292,1.44e-112,330
21,46,1,292,1,294,2.79e-112,329
21,22,1,292,1,292,7.43e-112,328
21,1,1,292,1,292,1.65e-111,327
21,26,1,292,1,292,1.74e-111,327
21,5,1,292,1,292,2.47e-111,327
21,12,1,292,1,292,5.13e-111,326
21,25,1,292,1,293,7.28e-111,325
21,13,1,292,1,291,7.84e-111,325
21,50,1,292,1,291,7.84e-111,325
21,42,1,292,1,292,4.96e-109,321
21,41,1,292,1,292,5.72e-108,318
21,54,1,292,1,290,1.04e-103,307
21,9,1,137,1,139,1.94e-65,204
21,6,9,293,8,294,2.00e-59,193
21,34,92,292,1,201,6.18e-55,179
21,52,9,282,7,269,6.68e-52,174
21,19,5,279,4,267,1.67e-49,168
21,27,9,294,8,295,1.85e-49,168
21,55,9,279,7,266,5.79e-46,159
22,22,1,315,1,315,0.0,660
22,1,1,315,1,315,0.0,617
22,2,1,315,1,315,0.0,604
22,3,1,315,1,315,0.0,597
22,4,1,315,1,315,0.0,612
22,5,1,315,1,315,0.0,620
22,7,1,315,1,315,0.0,587
22,8,1,315,1,315,0.0,605
22,12,1,315,1,315,0.0,575
22,13,1,315,1,314,0.0,577
22,14,1,315,1,315,0.0,619
22,15,1,315,1,315,0.0,614
22,16,1,315,1,315,0.0,584
22,17,1,315,1,315,0.0,612
22,18,1,315,1,315,0.0,623
22,20,1,315,1,315,0.0,575
22,23,1,315,1,315,0.0,617
22,25,1,315,1,316,0.0,561
22,26,1,315,1,315,0.0,593
22,30,1,315,1,315,0.0,602
22,35,1,315,1,315,0.0,609
22,36,1,315,1,315,0.0,588
22,37,1,315,1,315,0.0,617
22,38,1,315,1,315,0.0,574
22,39,1,315,1,315,0.0,616
22,40,1,315,1,315,0.0,624
22,41,1,315,1,315,0.0,594
22,42,1,315,1,315,0.0,593
22,43,1,315,1,315,0.0,587
22,44,1,315,1,315,0.0,633
22,45,1,315,1,317,0.0,581
22,46,1,315,1,317,0.0,580
22,47,1,315,1,315,0.0,585
22,49,1,315,1,315,0.0,632
22,50,1,315,1,314,0.0,577
22,51,1,315,1,315,0.0,601
22,54,1,313,1,311,1.83e-156,442
22,34,92,315,1,224,1.73e-151,426
22,53,1,292,1,292,1.33e-116,340
22,10,1,292,1,292,6.23e-113,330
22,21,1,292,1,292,7.93e-112,328
22,11,1,292,1,295,1.69e-108,319
22,9,1,148,1,148,1.85e-91,271
22,24,1,292,1,286,5.37e-80,246
22,33,1,292,1,286,1.23e-79,246
22,32,1,292,1,286,4.61e-79,244
22,29,1,292,1,286,4.24e-76,236
22,6,3,294,2,295,6.80e-64,206
22,52,9,282,7,269,3.00e-63,204
22,19,9,282,8,270,2.78e-61,199
22,27,9,282,8,270,3.04e-60,197
22,55,9,292,7,279,2.43e-58,192
22,31,80,292,2,214,1.34e-57,187
22,48,92,292,1,201,1.40e-51,171
23,23,1,315,1,315,0.0,663
23,1,1,315,1,315,0.0,607
23,2,1,315,1,315,0.0,642
23,3,1,315,1,315,0.0,603
23,4,1,315,1,315,0.0,632
23,5,1,315,1,315,0.0,606
23,7,1,315,1,315,0.0,610
23,8,1,315,1,315,0.0,598
23,12,1,315,1,315,0.0,583
23,13,1,315,1,314,0.0,585
23,14,1,315,1,315,0.0,607
23,15,1,315,1,315,0.0,612
23,16,1,315,1,315,0.0,588
23,17,1,315,1,315,0.0,621
23,18,1,315,1,315,0.0,607
23,20,1,315,1,315,0.0,577
23,22,1,315,1,315,0.0,617
23,25,1,315,1,316,0.0,583
23,26,1,315,1,315,0.0,598
23,30,1,315,1,315,0.0,612
23,35,1,315,1,315,0.0,614
23,36,1,315,1,315,0.0,599
23,37,1,315,1,315,0.0,607
23,38,1,315,1,315,0.0,588
23,39,1,315,1,315,0.0,604
23,40,1,315,1,315,0.0,613
23,41,1,315,1,315,0.0,607
23,42,1,315,1,315,0.0,605
23,43,1,315,1,315,0.0,603
23,44,1,315,1,315,0.0,630
23,45,1,315,1,317,0.0,592
23,46,1,315,1,317,0.0,598
23,47,1,315,1,315,0.0,596
23,49,1,315,1,315,0.0,619
23,50,1,315,1,314,0.0,585
23,51,1,315,1,315,0.0,615
23,34,92,315,1,224,1.63e-156,438
23,54,1,313,1,311,1.53e-155,439
23,53,1,292,1,292,2.58e-119,347
23,10,1,292,1,292,1.50e-115,337
23,21,1,292,1,292,2.72e-114,334
23,11,1,292,1,295,3.22e-110,324
23,9,1,148,1,148,3.93e-91,270
23,33,1,292,1,286,2.86e-80,247
23,32,1,292,1,286,1.21e-79,246
23,24,1,292,1,286,2.45e-79,245
23,29,1,292,1,286,5.81e-76,236
23,6,3,292,2,280,4.48e-68,216
23,52,9,282,7,269,1.04e-63,206
23,19,9,282,8,270,2.33e-63,205
23,27,9,292,8,280,1.43e-62,203
23,55,9,292,7,279,4.59e-60,196
23,31,80,292,2,214,4.54e-58,188
23,48,92,292,1,201,5.35e-54,177
24,24,1,289,1,289,0.0,609
24,29,1,289,1,289,0.0,564
24,32,1,289,1,289,0.0,525
24,33,1,289,1,289,0.0,527
24,21,1,289,1,295,6.04e-165,461
24,10,1,289,1,295,6.97e-165,461
24,53,1,289,1,295,9.20e-161,451
24,11,1,289,1,298,3.93e-159,447
24,31,73,289,1,217,3.05e-150,421
24,48,87,289,2,204,3.35e-134,380
24,7,1,286,1,292,2.58e-85,260
24,13,1,286,1,291,7.51e-85,259
24,50,1,286,1,291,7.51e-85,259
24,30,1,286,1,292,1.11e-84,258
24,47,1,286,1,292,4.66e-84,257
24,42,1,286,1,292,6.45e-84,256
24,36,1,286,1,292,6.90e-83,254
24,43,1,286,1,292,1.98e-82,253
24,45,1,286,1,294,4.91e-82,252
24,3,1,286,1,292,5.26e-82,251
24,51,1,286,1,292,6.19e-82,251
24,17,1,286,1,292,8.12e-82,251
24,14,1,286,1,292,8.21e-82,251
24,4,1,286,1,292,8.76e-82,251
24,41,1,286,1,292,1.19e-81,251
24,44,1,286,1,292,4.82e-81,249
24,37,1,286,1,292,5.80e-81,249
24,15,1,286,1,292,8.30e-81,248
24,8,1,286,1,292,1.27e-80,248
24,18,1,286,1,292,3.09e-80,247
24,2,1,286,1,292,3.52e-80,247
24,20,1,286,1,292,4.10e-80,247
24,22,1,286,1,292,4.93e-80,246
24,26,1,286,1,292,6.39e-80,246
24,38,1,286,1,292,9.98e-80,246
24,35,1,286,1,292,1.15e-79,246
24,16,1,286,1,292,1.28e-79,246
24,40,1,286,1,292,1.34e-79,245
24,39,1,286,1,292,1.40e-79,245
24,12,1,286,1,292,1.63e-79,245
24,23,1,286,1,292,2.25e-79,245
24,49,1,286,1,292,2.86e-79,244
24,1,1,286,1,292,2.73e-78,242
24,25,1,286,1,293,4.90e-78,241
24,46,1,286,1,294,8.40e-77,238
24,5,1,286,1,292,1.05e-76,238
24,54,1,286,1,290,2.01e-76,237
24,6,9,287,8,294,2.94e-57,187
24,34,87,286,2,201,2.82e-53,175
24,52,9,286,7,279,3.62e-49,167
24,19,3,273,2,267,1.09e-47,163
24,27,9,288,8,295,1.82e-47,163
24,55,9,273,7,266,5.23e-45,156
24,9,1,130,1,138,4.81e-32,118
25,25,1,316,1,316,0.0,665
25,1,1,316,1,315,0.0,559
25,2,1,316,1,315,0.0,576
25,3,1,316,1,315,0.0,586
25,4,1,316,1,315,0.0,593
25,5,1,316,1,315,0.0,566
25,7,1,316,1,315,0.0,571
25,8,1,316,1,315,0.0,565
25,12,1,316,1,315,0.0,558
25,13,1,316,1,314,0.0,555
25,14,1,316,1,315,0.0,571
25,15,1,316,1,315,0.0,580
25,16,1,316,1,315,0.0,591
25,17,1,316,1,315,0.0,570
25,18,1,316,1,315,0.0,579
25,20,1,316,1,315,0.0,551
25,22,1,316,1,315,0.0,561
25,23,1,316,1,315,0.0,583
25,26,1,316,1,315,0.0,572
25,30,1,316,1,315,0.0,573
25,35,1,316,1,315,0.0,586
25,36,1,316,1,315,0.0,577
25,37,1,316,1,315,0.0,559
25,38,1,316,1,315,0.0,565
25,39,1,316,1,315,0.0,556
25,40,1,316,1,315,0.0,561
25,41,1,316,1,315,0.0,565
25,42,1,316,1,315,0.0,569
25,43,1,316,1,315,0.0,566
25,44,1,316,1,315,0.0,568
25,45,1,316,1,317,0.0,592
25,46,1,316,1,317,0.0,591
25,47,1,316,1,315,0.0,588
25,49,1,316,1,315,0.0,569
25,50,1,316,1,314,0.0,555
25,51,1,316,1,315,0.0,561
25,34,92,316,1,224,9.92e-151,424
25,54,1,309,1,306,1.56e-150,427
25,53,1,293,1,292,1.36e-114,335
25,21,1,293,1,292,7.79e-111,325
25,10,1,293,1,292,1.52e-110,325
25,11,1,293,1,295,3.97e-107,316
25,9,1,142,1,142,8.29e-88,261
25,33,1,293,1,286,9.46e-80,246
25,32,1,293,1,286,3.88e-79,244
25,24,1,293,1,286,5.36e-78,241
25,29,1,293,1,286,1.48e-73,230
25,27,5,316,4,314,6.89e-64,206
25,6,5,295,4,295,9.59e-64,205
25,52,5,283,3,269,3.28e-61,199
25,19,5,283,4,270,4.14e-61,199
25,55,5,290,3,278,1.78e-59,195
25,31,80,293,2,214,1.30e-54,179
25,48,92,293,1,201,4.88e-53,175
26,26,1,315,1,315,0.0,664
26,1,1,315,1,315,0.0,589
26,2,1,315,1,315,0.0,598
26,3,1,315,1,315,0.0,605
26,4,1,315,1,315,0.0,613
26,5,1,315,1,315,0.0,598
26,7,1,315,1,315,0.0,592
26,8,1,315,1,315,0.0,601
26,12,1,315,1,315,0.0,600
26,13,1,315,1,314,0.0,577
26,14,1,315,1,315,0.0,596
26,15,1,315,1,315,0.0,611
26,16,1,315,1,315,0.0,584
26,17,1,315,1,315,0.0,598
26,18,1,315,1,315,0.0,607
26,20,1,315,1,315,0.0,595
26,22,1,315,1,315,0.0,593
26,23,1,315,1,315,0.0,598
26,25,1,315,1,316,0.0,572
26,30,1,315,1,315,0.0,604
26,35,1,315,1,315,0.0,612
26,36,1,315,1,315,0.0,626
26,37,1,315,1,315,0.0,593
26,38,1,315,1,315,0.0,584
26,39,1,315,1,315,0.0,603
26,40,1,315,1,315,0.0,593
26,41,1,315,1,315,0.0,574
26,42,1,315,1,315,0.0,584
26,43,1,315,1,315,0.0,605
26,44,1,315,1,315,0.0,595
26,45,1,315,1,317,0.0,575
26,46,1,315,1,317,0.0,576
26,47,1,315,1,315,0.0,579
26,49,1,315,1,315,0.0,591
26,50,1,315,1,314,0.0,577
26,51,1,315,1,315,0.0,609
26,54,1,313,1,311,1.93e-153,434
26,34,92,315,1,224,4.55e-153,429
26,53,1,292,1,292,1.59e-119,347
26,10,1,292,1,292,3.58e-112,328
26,21,1,292,1,292,1.86e-111,327
26,11,1,292,1,295,8.58e-107,315
26,9,1,148,1,148,5.38e-92,272
26,24,1,292,1,286,6.97e-80,246
26,33,1,292,1,286,4.91e-78,241
26,32,1,292,1,286,1.97e-77,240
26,29,1,292,1,286,5.56e-76,236
26,6,5,292,4,280,1.32e-65,210
26,52,5,282,3,269,5.89e-64,206
26,27,5,292,4,293,6.92e-63,204
26,19,5,282,4,270,1.21e-62,203
26,55,5,292,3,279,2.38e-60,197
26,31,80,292,2,214,8.59e-57,185
26,48,92,292,1,201,1.59e-53,176
27,27,1,314,1,314,0.0,652
27,19,1,314,1,314,0.0,564
27,52,3,314,2,313,0.0,559
27,55,3,314,2,313,0.0,515
27,6,1,293,1,293,1.91e-109,322
27,54,2,269,3,279,4.71e-70,222
27,36,2,293,3,292,4.01e-66,212
27,20,2,270,3,282,4.37e-66,212
27,4,2,270,3,282,4.56e-66,212
27,13,8,270,9,281,4.96e-65,209
27,50,8,270,9,281,4.96e-65,209
27,43,8,270,9,282,3.60e-64,207
27,47,4,314,5,315,4.23e-64,207
27,12,4,314,5,315,4.82e-64,206
27,25,4,314,5,316,6.85e-64,206
27,7,8,280,9,292,1.01e-63,206
27,51,4,270,5,282,1.51e-63,205
27,38,8,270,9,282,1.54e-63,205
27,18,2,314,3,315,1.65e-63,205
27,15,2,270,3,282,1.81e-63,205
27,41,8,280,9,292,2.82e-63,204
27,3,4,314,5,315,3.65e-63,204
27,26,4,293,5,292,6.90e-63,204
27,8,2,270,3,282,7.05e-63,204
27,35,2,270,3,282,9.23e-63,203
27,23,8,280,9,292,1.42e-62,203
27,2,8,270,9,282,1.57e-62,202
27,44,8,280,9,292,1.58e-62,202
27,45,4,314,5,317,1.59e-62,202
27,30,8,270,9,282,1.74e-62,202
27,46,4,314,5,317,2.47e-62,202
27,17,8,270,9,282,6.35e-62,201
27,42,8,270,9,282,6.35e-62,201
27,16,4,270,5,282,8.22e-62,201
27,1,8,270,9,282,1.55e-61,200
27,14,4,270,5,282,4.41e-61,199
27,40,8,270,9,282,6.22e-61,199
27,37,8,270,9,282,2.29e-60,197
27,22,8,270,9,282,3.03e-60,197
27,49,8,270,9,282,4.27e-60,196
27,5,8,270,9,282,1.91e-59,195
27,39,8,270,9,282,2.96e-59,194
27,53,8,295,9,294,1.91e-49,168
27,21,8,295,9,294,1.97e-49,168
27,10,8,295,9,294,2.15e-49,168
27,24,8,295,9,288,1.98e-47,163
27,29,4,295,5,288,2.13e-47,163
27,34,86,270,2,191,1.70e-46,158
27,33,4,295,5,288,7.93e-46,159
27,32,4,295,5,288,2.21e-45,157
27,11,8,295,9,297,3.60e-45,157
27,31,76,295,5,216,2.18e-41,145
27,48,86,295,2,203,3.71e-34,126
27,9,2,141,3,148,6.10e-21,89.7
28,28,1,139,1,139,3.22e-100,285
29,29,1,289,1,289,0.0,610
29,24,1,289,1,289,0.0,564
29,32,1,289,1,289,0.0,531
29,33,1,289,1,289,0.0,532
29,21,1,289,1,295,7.00e-168,469
29,10,1,289,1,295,8.06e-167,466
29,53,1,289,1,295,1.49e-162,455
29,11,1,289,1,298,9.49e-161,451
29,31,73,289,1,217,1.36e-151,424
29,48,87,289,2,204,3.54e-135,382
29,13,1,286,1,291,1.23e-80,248
29,50,1,286,1,291,1.23e-80,248
29,7,1,286,1,292,1.31e-80,248
29,30,1,286,1,292,1.96e-80,248
29,42,1,286,1,292,8.39e-80,246
29,36,1,286,1,292,2.92e-79,244
29,41,1,286,1,292,1.54e-78,243
29,47,1,286,1,292,2.08e-78,242
29,17,1,286,1,292,4.31e-78,241
29,43,1,286,1,292,5.08e-78,241
29,3,1,286,1,292,9.12e-78,241
29,14,1,286,1,292,9.42e-78,241
29,4,1,286,1,292,3.86e-77,239
29,51,1,286,1,292,3.90e-77,239
29,44,1,286,1,292,5.18e-77,239
29,20,1,286,1,292,7.57e-77,238
29,12,1,286,1,292,7.90e-77,238
29,37,1,286,1,292,1.63e-76,238
29,2,1,286,1,292,2.49e-76,237
29,15,1,286,1,292,2.90e-76,237
29,45,1,286,1,294,2.96e-76,237
29,22,1,286,1,292,3.89e-76,236
29,26,1,286,1,292,5.10e-76,236
29,23,1,286,1,292,5.33e-76,236
29,18,1,286,1,292,9.57e-76,236
29,35,1,286,1,292,9.57e-76,236
29,8,1,286,1,292,1.00e-75,236
29,49,1,286,1,292,1.45e-75,235
29,40,1,286,1,292,1.61e-75,235
29,16,1,286,1,292,1.94e-75,235
29,39,1,286,1,292,2.99e-75,234
29,38,1,286,1,292,6.05e-75,234
29,1,1,286,1,292,4.08e-74,231
29,25,1,286,1,293,1.35e-73,230
29,5,1,286,1,292,2.31e-73,229
29,54,1,286,1,290,1.40e-72,228
29,46,1,286,1,294,9.04e-72,226
29,6,9,287,8,294,3.62e-56,185
29,34,87,286,2,201,7.95e-50,166
29,27,5,288,4,295,1.96e-47,163
29,55,9,273,7,266,1.57e-46,160
29,52,9,276,7,269,3.80e-46,159
29,19,3,273,2,267,1.68e-44,155
29,9,1,130,1,138,8.84e-30,112
30,30,1,315,1,315,0.0,662
30,1,1,315,1,315,0.0,588
30,2,1,315,1,315,0.0,605
30,3,1,315,1,315,0.0,606
30,4,1,315,1,315,0.0,616
30,5,1,315,1,315,0.0,598
30,7,1,315,1,315,0.0,619
30,8,1,315,1,315,0.0,595
30,12,1,315,1,315,0.0,589
30,13,1,315,1,314,0.0,596
30,14,1,315,1,315,0.0,620
30,15,1,315,1,315,0.0,612
30,16,1,315,1,315,0.0,585
30,17,1,315,1,315,0.0,614
30,18,1,315,1,315,0.0,603
30,20,1,315,1,315,0.0,591
30,22,1,315,1,315,0.0,602
30,23,1,315,1,315,0.0,612
30,25,1,315,1,316,0.0,573
30,26,1,315,1,315,0.0,604
30,35,1,315,1,315,0.0,615
30,36,1,315,1,315,0.0,602
30,37,1,315,1,315,0.0,594
30,38,1,315,1,315,0.0,608
30,39,1,315,1,315,0.0,594
30,40,1,315,1,315,0.0,602
30,41,1,315,1,315,0.0,588
30,42,1,315,1,315,0.0,604
30,43,1,315,1,315,0.0,628
30,44,1,315,1,315,0.0,607
30,45,1,315,1,317,0.0,582
30,46,1,315,1,317,0.0,589
30,47,1,315,1,315,0.0,586
30,49,1,315,1,315,0.0,605
30,50,1,315,1,314,0.0,596
30,51,1,315,1,315,0.0,609
30,34,92,315,1,224,1.74e-156,438
30,54,1,313,1,311,1.94e-156,442
30,53,1,292,1,292,1.31e-119,347
30,10,1,292,1,292,4.88e-117,341
30,21,1,292,1,292,6.35e-116,338
30,11,1,292,1,295,4.93e-110,323
30,9,1,148,1,148,8.45e-90,266
30,24,1,292,1,286,1.21e-84,258
30,33,1,292,1,286,2.38e-82,253
30,32,1,292,1,286,8.95e-82,251
30,29,1,292,1,286,2.13e-80,248
30,52,9,279,7,266,2.07e-64,207
30,6,9,294,8,295,4.35e-63,203
30,19,9,282,8,270,9.88e-63,203
30,27,9,282,8,270,1.75e-62,202
30,55,9,292,7,279,4.40e-60,196
30,31,80,292,2,214,1.70e-59,192
30,48,92,292,1,201,6.86e-54,177
31,31,1,217,1,217,5.06e-165,455
31,29,1,217,73,289,1.02e-151,424
31,24,1,217,73,289,2.29e-150,421
31,21,2,217,80,295,3.82e-144,405
31,10,2,217,80,295,4.04e-144,405
31,53,2,217,80,295,1.60e-141,399
31,11,2,217,80,298,1.79e-138,391
31,48,15,217,2,204,2.13e-137,385
31,33,1,217,73,289,6.00e-135,382
31,32,1,217,73,289,1.96e-134,380
31,17,2,214,80,292,1.15e-60,194
31,7,2,214,80,292,1.34e-60,194
31,42,2,214,80,292,2.41e-60,193
31,30,2,214,80,292,1.17e-59,192
31,13,2,214,79,291,1.71e-59,191
31,50,2,214,79,291,1.71e-59,191
31,41,2,214,80,292,2.05e-59,191
31,3,2,214,80,292,3.60e-59,190
31,47,2,214,80,292,3.84e-59,190
31,14,2,214,80,292,5.20e-59,190
31,44,2,214,80,292,5.98e-59,190
31,36,2,214,80,292,1.04e-58,189
31,4,2,214,80,292,2.24e-58,188
31,37,2,214,80,292,2.66e-58,188
31,15,2,214,80,292,3.06e-58,188
31,23,2,214,80,292,3.13e-58,188
31,49,2,214,80,292,4.24e-58,187
31,40,2,214,80,292,6.74e-58,187
31,2,2,214,80,292,9.22e-58,187
31,22,2,214,80,292,9.22e-58,187
31,43,2,214,80,292,1.33e-57,186
31,51,2,214,80,292,1.50e-57,186
31,35,2,214,80,292,1.55e-57,186
31,18,2,214,80,292,1.78e-57,186
31,45,2,214,80,294,2.90e-57,186
31,39,2,214,80,292,3.06e-57,186
31,20,2,214,80,292,4.61e-57,185
31,26,2,214,80,292,5.92e-57,185
31,8,2,214,80,292,9.41e-57,184
31,1,2,214,80,292,1.26e-56,184
31,12,2,214,80,292,2.19e-56,183
31,5,2,214,80,292,4.51e-56,182
31,38,2,214,80,292,4.56e-56,182
31,16,2,214,80,292,4.86e-56,182
31,25,2,214,80,293,8.91e-55,179
31,34,15,214,2,201,1.03e-54,176
31,54,2,214,80,290,2.16e-54,178
31,46,2,214,80,294,6.45e-54,177
31,6,9,215,80,294,1.19e-43,150
31,52,5,214,75,279,2.22e-42,147
31,27,5,216,76,295,1.51e-41,145
31,19,5,216,76,295,6.72e-41,143
31,55,5,201,75,266,5.04e-40,141
31,9,1,58,79,138,4.84e-08,53.1
32,32,1,289,1,289,0.0,608
32,24,1,289,1,289,0.0,525
32,29,1,289,1,289,0.0,531
32,33,1,289,1,289,0.0,606
32,53,1,289,1,295,1.55e-150,425
32,21,1,289,1,295,1.89e-149,422
32,10,1,289,1,295,2.51e-149,422
32,11,1,289,1,298,2.63e-148,419
32,31,73,289,1,217,2.61e-134,380
32,48,87,289,2,204,1.13e-123,353
32,7,1,286,1,292,3.12e-82,252
32,30,1,286,1,292,8.21e-82,251
32,13,1,286,1,291,8.49e-82,251
32,50,1,286,1,291,8.49e-82,251
32,42,1,286,1,292,1.19e-81,251
32,47,1,286,1,292,2.65e-81,250
32,4,1,286,1,292,3.09e-80,247
32,43,1,286,1,292,4.05e-80,247
32,36,1,286,1,292,4.32e-80,247
32,23,1,286,1,292,1.11e-79,246
32,41,1,286,1,292,1.44e-79,245
32,17,1,286,1,292,1.59e-79,245
32,45,1,286,1,294,2.70e-79,245
32,2,1,286,1,292,3.37e-79,244
32,25,1,286,1,293,3.55e-79,244
32,22,1,286,1,292,4.23e-79,244
32,3,1,286,1,292,8.02e-79,243
32,14,1,286,1,292,8.65e-79,243
32,16,1,286,1,292,1.19e-78,243
32,44,1,286,1,292,1.29e-78,243
32,37,1,286,1,292,1.46e-78,243
32,51,1,286,1,292,1.81e-78,243
32,49,1,286,1,292,2.98e-78,242
32,8,1,286,1,292,3.47e-78,242
32,35,1,286,1,292,3.83e-78,242
32,20,1,286,1,292,6.04e-78,241
32,18,1,286,1,292,1.01e-77,241
32,39,1,286,1,292,1.05e-77,241
32,38,1,286,1,292,1.73e-77,240
32,26,1,286,1,292,1.81e-77,240
32,40,1,286,1,292,1.83e-77,240
32,12,1,286,1,292,1.97e-77,240
32,15,1,286,1,292,2.32e-77,240
32,1,1,286,1,292,5.29e-77,239
32,54,1,286,1,290,1.25e-76,238
32,5,1,286,1,292,2.62e-75,234
32,46,1,286,1,294,3.25e-75,234
32,6,9,287,8,294,3.07e-61,198
32,34,87,286,2,201,1.75e-52,173
32,52,9,286,7,279,8.61e-47,161
32,55,9,276,7,269,5.45e-46,159
32,27,5,288,4,295,2.03e-45,157
32,19,3,273,2,267,1.94e-44,155
32,9,1,134,1,142,5.21e-29,110
33,33,1,289,1,289,0.0,608
33,24,1,289,1,289,0.0,527
33,29,1,289,1,289,0.0,532
33,32,1,289,1,289,0.0,606
33,53,1,289,1,295,3.39e-151,426
33,21,1,289,1,295,4.03e-150,424
33,10,1,289,1,295,6.17e-150,423
33,11,1,289,1,298,6.13e-149,421
33,31,73,289,1,217,8.00e-135,382
33,48,87,289,2,204,3.65e-124,355
33,7,1,286,1,292,6.82e-83,254
33,30,1,286,1,292,2.18e-82,253
33,13,1,286,1,291,2.46e-82,252
33,50,1,286,1,291,2.46e-82,252
33,42,1,286,1,292,2.77e-82,252
33,47,1,286,1,292,4.72e-82,252
33,4,1,286,1,292,8.03e-81,248
33,43,1,286,1,292,9.88e-81,248
33,36,1,286,1,292,1.19e-80,248
33,23,1,286,1,292,2.62e-80,247
33,41,1,286,1,292,3.44e-80,247
33,17,1,286,1,292,4.32e-80,247
33,2,1,286,1,292,7.36e-80,246
33,45,1,286,1,294,7.50e-80,246
33,25,1,286,1,293,8.65e-80,246
33,22,1,286,1,292,1.12e-79,246
33,3,1,286,1,292,2.11e-79,245
33,14,1,286,1,292,2.13e-79,245
33,44,1,286,1,292,2.86e-79,244
33,37,1,286,1,292,3.79e-79,244
33,16,1,286,1,292,3.88e-79,244
33,51,1,286,1,292,4.87e-79,244
33,49,1,286,1,292,8.75e-79,243
33,8,1,286,1,292,1.03e-78,243
33,35,1,286,1,292,1.21e-78,243
33,20,1,286,1,292,1.64e-78,243
33,39,1,286,1,292,2.59e-78,242
33,18,1,286,1,292,2.89e-78,242
33,26,1,286,1,292,4.50e-78,241
33,38,1,286,1,292,4.60e-78,241
33,40,1,286,1,292,5.13e-78,241
33,12,1,286,1,292,5.48e-78,241
33,15,1,286,1,292,5.72e-78,241
33,1,1,286,1,292,1.32e-77,240
33,54,1,286,1,290,3.25e-77,239
33,5,1,286,1,292,6.77e-76,236
33,46,1,286,1,294,8.28e-76,236
33,6,9,287,8,294,1.03e-61,199
33,34,87,286,2,201,5.06e-53,174
33,52,9,286,7,279,2.66e-47,162
33,55,9,273,7,266,1.82e-46,160
33,27,5,288,4,295,7.30e-46,159
33,19,3,273,2,267,4.97e-45,157
33,9,1,134,1,142,4.89e-29,110
34,34,1,224,1,224,1.04e-169,468
34,41,1,224,92,315,2.90e-162,452
34,42,1,224,92,315,4.58e-159,444
34,13,1,224,91,314,5.32e-159,444
34,50,1,224,91,314,5.32e-159,444
34,4,1,224,92,315,2.88e-157,440
34,23,1,224,92,315,1.16e-156,438
34,35,1,224,92,315,1.17e-156,438
34,30,1,224,92,315,1.24e-156,438
34,43,1,224,92,315,2.82e-156,437
34,49,1,224,92,315,3.82e-155,434
34,17,1,224,92,315,1.41e-154,433
34,15,1,224,92,315,2.52e-154,432
34,2,1,224,92,315,2.57e-154,432
34,12,1,224,92,315,4.45e-154,432
34,44,1,224,92,315,4.97e-154,432
34,26,1,224,92,315,3.23e-153,429
34,7,1,224,92,315,3.27e-153,429
34,38,1,224,92,315,8.96e-153,428
34,51,1,224,92,315,1.18e-152,428
34,36,1,224,92,315,1.55e-152,428
34,18,1,224,92,315,1.71e-152,428
34,3,1,224,92,315,3.37e-152,427
34,14,1,224,92,315,4.15e-152,427
34,46,1,224,92,317,8.42e-152,426
34,22,1,224,92,315,1.23e-151,426
34,40,1,224,92,315,2.42e-151,425
34,16,1,224,92,315,2.51e-151,425
34,5,1,224,92,315,3.05e-151,424
34,47,1,224,92,315,4.68e-151,424
34,25,1,224,92,316,7.03e-151,424
34,20,1,224,92,315,1.09e-149,421
34,1,1,224,92,315,1.12e-149,421
34,37,1,224,92,315,1.76e-149,420
34,39,1,224,92,315,3.25e-149,419
34,45,1,224,92,317,4.02e-149,419
34,8,1,224,92,315,2.51e-147,415
34,54,1,222,92,311,5.36e-97,287
34,53,1,201,92,292,1.06e-59,191
34,10,1,201,92,292,5.23e-56,182
34,48,1,201,1,201,3.35e-55,177
34,21,1,201,92,292,4.69e-55,179
34,31,2,201,15,214,1.07e-54,176
34,24,2,201,87,286,2.19e-53,175
34,33,2,201,87,286,3.92e-53,174
34,32,2,201,87,286,1.36e-52,173
34,11,6,201,100,295,7.29e-52,171
34,29,2,201,87,286,6.16e-50,166
34,6,2,203,86,295,1.41e-48,163
34,27,2,191,86,270,1.21e-46,158
34,19,2,191,86,270,8.55e-46,156
34,55,2,201,85,279,1.06e-45,156
34,52,2,191,85,269,2.39e-45,155
34,9,1,51,92,142,4.38e-23,93.2
35,35,1,315,1,315,0.0,661
35,1,1,315,1,315,0.0,594
35,2,1,315,1,315,0.0,603
35,3,1,315,1,315,0.0,612
35,4,1,315,1,315,0.0,635
35,5,1,315,1,315,0.0,606
35,7,1,315,1,315,0.0,612
35,8,1,315,1,315,0.0,615
35,12,1,315,1,315,0.0,595
35,13,1,315,1,314,0.0,595
35,14,1,315,1,315,0.0,611
35,15,1,315,1,315,0.0,635
35,16,1,315,1,315,0.0,597
35,17,1,315,1,315,0.0,619
35,18,1,315,1,315,0.0,634
35,20,1,315,1,315,0.0,592
35,22,1,315,1,315,0.0,609
35,23,1,315,1,315,0.0,614
35,25,1,315,1,316,0.0,586
35,26,1,315,1,315,0.0,612
35,30,1,315,1,315,0.0,615
35,36,1,315,1,315,0.0,623
35,37,1,315,1,315,0.0,597
35,38,1,315,1,315,0.0,597
35,39,1,315,1,315,0.0,596
35,40,1,315,1,315,0.0,603
35,41,1,315,1,315,0.0,588
35,42,1,315,1,315,0.0,590
35,43,1,315,1,315,0.0,613
35,44,1,315,1,315,0.0,605
35,45,1,315,1,317,0.0,588
35,46,1,315,1,317,0.0,592
35,47,1,315,1,315,0.0,593
35,49,1,315,1,315,0.0,609
35,50,1,315,1,314,0.0,595
35,51,1,315,1,315,0.0,612
35,34,92,315,1,224,1.65e-156,438
35,54,1,313,1,311,1.81e-156,442
35,53,1,292,1,292,6.12e-118,343
35,10,1,292,1,292,8.55e-114,333
35,21,1,292,1,292,1.54e-112,330
35,11,1,292,1,295,8.03e-107,315
35,9,1,148,1,148,6.13e-97,285
35,24,1,292,1,286,1.25e-79,246
35,33,1,292,1,286,1.32e-78,243
35,32,1,292,1,286,4.17e-78,242
35,29,1,292,1,286,1.04e-75,236
35,6,5,294,4,295,5.61e-65,208
35,52,5,282,3,269,6.95e-63,204
35,27,3,282,2,270,9.26e-63,203
35,19,5,282,4,270,4.56e-62,201
35,55,5,292,3,279,2.38e-60,197
35,31,80,292,2,214,2.25e-57,186
35,48,92,292,1,201,4.37e-52,172
36,36,1,315,1,315,0.0,663
36,1,1,315,1,315,0.0,592
36,2,1,315,1,315,0.0,598
36,3,1,315,1,315,0.0,602
36,4,1,315,1,315,0.0,618
36,5,1,315,1,315,0.0,599
36,7,1,315,1,315,0.0,595
36,8,1,315,1,315,0.0,613
36,12,1,315,1,315,0.0,602
36,13,1,315,1,314,0.0,582
36,14,1,315,1,315,0.0,599
36,15,1,315,1,315,0.0,616
36,16,1,315,1,315,0.0,593
36,17,1,315,1,315,0.0,602
36,18,1,315,1,315,0.0,617
36,20,1,315,1,315,0.0,607
36,22,1,315,1,315,0.0,588
36,23,1,315,1,315,0.0,599
36,25,1,315,1,316,0.0,577
36,26,1,315,1,315,0.0,626
36,30,1,315,1,315,0.0,602
36,35,1,315,1,315,0.0,623
36,37,1,315,1,315,0.0,601
36,38,1,315,1,315,0.0,585
36,39,1,315,1,315,0.0,600
36,40,1,315,1,315,0.0,595
36,41,1,315,1,315,0.0,573
36,42,1,315,1,315,0.0,578
36,43,1,315,1,315,0.0,602
36,44,1,315,1,315,0.0,595
36,45,1,315,1,317,0.0,575
36,46,1,315,1,317,0.0,582
36,47,1,315,1,315,0.0,579
36,49,1,315,1,315,0.0,592
36,50,1,315,1,314,0.0,582
36,51,1,315,1,315,0.0,601
36,54,1,313,1,311,1.17e-157,445
36,34,92,315,1,224,2.18e-152,428
36,53,1,292,1,292,9.11e-121,350
36,10,1,292,1,292,6.14e-117,341
36,21,1,292,1,292,3.80e-116,339
36,11,1,292,1,295,6.61e-110,323
36,9,1,148,1,148,2.11e-96,283
36,24,1,292,1,286,7.52e-83,254
36,33,1,292,1,286,1.29e-80,248
36,32,1,292,1,286,4.71e-80,247
36,29,1,292,1,286,3.19e-79,244
36,6,5,292,4,280,1.93e-67,214
36,27,3,292,2,293,4.02e-66,212
36,52,5,282,3,269,9.21e-65,208
36,19,5,282,4,270,3.42e-64,207
36,55,5,292,3,279,8.46e-62,201
36,31,80,292,2,214,1.51e-58,189
36,48,92,292,1,201,5.24e-54,177
37,37,1,315,1,315,0.0,663
37,1,1,315,1,315,0.0,629
37,2,1,315,1,315,0.0,604
37,3,1,315,1,315,0.0,589
37,4,1,315,1,315,0.0,599
37,5,1,315,1,315,0.0,631
37,7,1,315,1,315,0.0,582
37,8,1,315,1,315,0.0,622
37,12,1,315,1,315,0.0,571
37,13,1,315,1,314,0.0,572
37,14,1,315,1,315,0.0,603
37,15,1,315,1,315,0.0,602
37,16,1,315,1,315,0.0,590
37,17,1,315,1,315,0.0,603
37,18,1,315,1,315,0.0,602
37,20,1,315,1,315,0.0,601
37,22,1,315,1,315,0.0,617
37,23,1,315,1,315,0.0,607
37,25,1,315,1,316,0.0,559
37,26,1,315,1,315,0.0,593
37,30,1,315,1,315,0.0,594
37,35,1,315,1,315,0.0,597
37,36,1,315,1,315,0.0,601
37,38,1,315,1,315,0.0,570
37,39,1,315,1,315,0.0,652
37,40,1,315,1,315,0.0,644
37,41,1,315,1,315,0.0,585
37,42,1,315,1,315,0.0,589
37,43,1,315,1,315,0.0,582
37,44,1,315,1,315,0.0,608
37,45,1,315,1,317,0.0,577
37,46,1,315,1,317,0.0,583
37,47,1,315,1,315,0.0,581
37,49,1,315,1,315,0.0,622
37,50,1,315,1,314,0.0,572
37,51,1,315,1,315,0.0,599
37,54,1,313,1,311,1.27e-154,437
37,34,92,315,1,224,2.47e-149,420
37,53,1,292,1,292,6.05e-119,346
37,10,1,292,1,292,1.28e-115,337
37,21,1,292,1,292,1.76e-114,335
37,11,1,292,1,295,7.79e-109,320
37,9,1,148,1,148,1.29e-92,274
37,24,1,292,1,286,6.32e-81,249
37,33,1,292,1,286,4.13e-79,244
37,32,1,292,1,286,1.59e-78,243
37,29,1,292,1,286,1.78e-76,238
37,6,3,294,2,295,1.11e-66,213
37,52,9,292,7,292,6.73e-63,204
37,27,9,282,8,270,2.30e-60,197
37,19,9,282,8,270,2.32e-60,197
37,31,80,292,2,214,3.86e-58,188
37,55,9,282,7,269,4.29e-58,191
37,48,92,292,1,201,5.11e-53,174
38,38,1,315,1,315,0.0,660
38,1,1,315,1,315,0.0,572
38,2,1,315,1,315,0.0,588
38,3,1,315,1,315,0.0,580
38,4,1,315,1,315,0.0,599
38,5,1,315,1,315,0.0,579
38,7,1,315,1,315,0.0,598
38,8,1,315,1,315,0.0,573
38,12,1,315,1,315,0.0,568
38,13,1,315,1,314,0.0,588
38,14,1,315,1,315,0.0,586
38,15,1,315,1,315,0.0,592
38,16,1,315,1,315,0.0,573
38,17,1,315,1,315,0.0,595
38,18,1,315,1,315,0.0,585
38,20,1,315,1,315,0.0,575
38,22,1,315,1,315,0.0,574
38,23,1,315,1,315,0.0,588
38,25,1,315,1,316,0.0,565
38,26,1,315,1,315,0.0,584
38,30,1,315,1,315,0.0,608
38,35,1,315,1,315,0.0,597
38,36,1,315,1,315,0.0,585
38,37,1,315,1,315,0.0,570
38,39,1,315,1,315,0.0,566
38,40,1,315,1,315,0.0,574
38,41,1,315,1,315,0.0,572
38,42,1,315,1,315,0.0,577
38,43,1,315,1,315,0.0,603
38,44,1,315,1,315,0.0,584
38,45,1,315,1,317,0.0,567
38,46,1,315,1,317,0.0,575
38,47,1,315,1,315,0.0,571
38,49,1,315,1,315,0.0,582
38,50,1,315,1,314,0.0,588
38,51,1,315,1,315,0.0,583
38,54,1,313,1,311,2.04e-153,434
38,34,92,315,1,224,1.26e-152,428
38,53,1,292,1,292,4.98e-118,343
38,10,1,292,1,292,1.28e-115,337
38,21,1,292,1,292,1.28e-114,335
38,11,1,292,1,295,1.42e-109,322
38,9,1,148,1,148,2.71e-90,268
38,24,1,292,1,286,1.09e-79,246
38,33,1,292,1,286,5.02e-78,241
38,32,1,292,1,286,1.89e-77,240
38,29,1,292,1,286,6.59e-75,234
38,6,9,294,8,295,2.91e-66,212
38,27,9,282,8,270,1.55e-63,205
38,52,9,282,7,269,1.19e-62,203
38,19,9,282,8,270,1.01e-61,201
38,55,9,292,7,279,1.58e-59,195
38,31,80,292,2,214,6.61e-56,182
38,48,92,292,1,201,3.70e-50,167
39,39,1,315,1,315,0.0,662
39,1,1,315,1,315,0.0,630
39,2,1,315,1,315,0.0,603
39,3,1,315,1,315,0.0,587
39,4,1,315,1,315,0.0,598
39,5,1,315,1,315,0.0,629
39,7,1,315,1,315,0.0,578
39,8,1,315,1,315,0.0,624
39,12,1,315,1,315,0.0,578
39,13,1,315,1,314,0.0,567
39,14,1,315,1,315,0.0,600
39,15,1,315,1,315,0.0,603
39,16,1,315,1,315,0.0,589
39,17,1,315,1,315,0.0,604
39,18,1,315,1,315,0.0,604
39,20,1,315,1,315,0.0,600
39,22,1,315,1,315,0.0,616
39,23,1,315,1,315,0.0,604
39,25,1,315,1,316,0.0,556
39,26,1,315,1,315,0.0,603
39,30,1,315,1,315,0.0,594
39,35,1,315,1,315,0.0,596
39,36,1,315,1,315,0.0,600
39,37,1,315,1,315,0.0,652
39,38,1,315,1,315,0.0,566
39,40,1,315,1,315,0.0,645
39,41,1,315,1,315,0.0,581
39,42,1,315,1,315,0.0,591
39,43,1,315,1,315,0.0,587
39,44,1,315,1,315,0.0,608
39,45,1,315,1,317,0.0,573
39,46,1,315,1,317,0.0,575
39,47,1,315,1,315,0.0,578
39,49,1,315,1,315,0.0,617
39,50,1,315,1,314,0.0,567
39,51,1,315,1,315,0.0,609
39,54,1,313,1,311,3.22e-152,431
39,34,92,315,1,224,4.57e-149,419
39,53,1,292,1,292,2.49e-120,349
39,10,1,292,1,292,3.49e-114,334
39,21,1,292,1,292,4.54e-113,331
39,11,1,292,1,295,2.37e-107,317
39,9,1,148,1,148,7.00e-92,272
39,24,1,292,1,286,1.52e-79,245
39,33,1,292,1,286,2.82e-78,242
39,32,1,292,1,286,1.14e-77,241
39,29,1,292,1,286,3.26e-75,234
39,6,3,294,2,295,3.89e-66,211
39,52,9,292,7,292,3.24e-62,202
39,19,9,282,8,270,1.13e-59,195
39,27,9,282,8,270,2.97e-59,194
39,55,9,282,7,269,4.32e-57,189
39,31,80,292,2,214,4.44e-57,186
39,48,92,292,1,201,4.25e-53,175
40,40,1,315,1,315,0.0,663
40,1,1,315,1,315,0.0,640
40,2,1,315,1,315,0.0,602
40,3,1,315,1,315,0.0,599
40,4,1,315,1,315,0.0,606
40,5,1,315,1,315,0.0,635
40,7,1,315,1,315,0.0,588
40,8,1,315,1,315,0.0,625
40,12,1,315,1,315,0.0,573
40,13,1,315,1,314,0.0,576
40,14,1,315,1,315,0.0,610
40,15,1,315,1,315,0.0,611
40,16,1,315,1,315,0.0,596
40,17,1,315,1,315,0.0,616
40,18,1,315,1,315,0.0,609
40,20,1,315,1,315,0.0,598
40,22,1,315,1,315,0.0,624
40,23,1,315,1,315,0.0,613
40,25,1,315,1,316,0.0,561
40,26,1,315,1,315,0.0,593
40,30,1,315,1,315,0.0,602
40,35,1,315,1,315,0.0,603
40,36,1,315,1,315,0.0,595
40,37,1,315,1,315,0.0,644
40,38,1,315,1,315,0.0,574
40,39,1,315,1,315,0.0,645
40,41,1,315,1,315,0.0,589
40,42,1,315,1,315,0.0,598
40,43,1,315,1,315,0.0,590
40,44,1,315,1,315,0.0,616
40,45,1,315,1,317,0.0,582
40,46,1,315,1,317,0.0,582
40,47,1,315,1,315,0.0,586
40,49,1,315,1,315,0.0,625
40,50,1,315,1,314,0.0,576
40,51,1,315,1,315,0.0,598
40,54,1,313,1,311,2.13e-153,434
40,34,92,315,1,224,3.41e-151,425
40,53,1,292,1,292,1.05e-117,343
40,10,1,292,1,292,2.33e-114,334
40,21,1,292,1,292,3.17e-113,331
40,11,1,292,1,295,7.21e-108,318
40,9,1,148,1,148,8.88e-93,274
40,24,1,292,1,286,1.46e-79,245
40,33,1,292,1,286,5.59e-78,241
40,32,1,292,1,286,1.99e-77,240
40,29,1,292,1,286,1.76e-75,235
40,6,3,294,2,295,3.57e-67,214
40,52,9,292,7,292,4.04e-64,207
40,19,9,282,8,270,1.12e-61,201
40,27,9,282,8,270,6.24e-61,199
40,55,9,282,7,269,2.38e-58,192
40,31,80,292,2,214,9.79e-58,187
40,48,92,292,1,201,5.19e-52,172
41,41,1,315,1,315,0.0,662
41,1,1,315,1,315,0.0,588
41,2,1,315,1,315,0.0,600
41,3,1,315,1,315,0.0,577
41,4,1,315,1,315,0.0,595
41,5,1,315,1,315,0.0,587
41,7,1,315,1,315,0.0,585
41,8,1,315,1,315,0.0,572
41,12,1,315,1,315,0.0,572
41,13,1,315,1,314,0.0,593
41,14,1,315,1,315,0.0,588
41,15,1,315,1,315,0.0,588
41,16,1,315,1,315,0.0,577
41,17,1,315,1,315,0.0,590
41,18,1,315,1,315,0.0,585
41,20,1,315,1,315,0.0,557
41,22,1,315,1,315,0.0,594
41,23,1,315,1,315,0.0,607
41,25,1,315,1,316,0.0,565
41,26,1,315,1,315,0.0,574
41,30,1,315,1,315,0.0,588
41,35,1,315,1,315,0.0,588
41,36,1,315,1,315,0.0,573
41,37,1,315,1,315,0.0,585
41,38,1,315,1,315,0.0,572
41,39,1,315,1,315,0.0,581
41,40,1,315,1,315,0.0,589
41,42,1,315,1,315,0.0,624
41,43,1,315,1,315,0.0,583
41,44,1,315,1,315,0.0,603
41,45,1,315,1,317,0.0,572
41,46,1,315,1,317,0.0,578
41,47,1,315,1,315,0.0,577
41,49,1,315,1,315,0.0,600
41,50,1,315,1,314,0.0,593
41,51,1,315,1,315,0.0,590
41,34,92,315,1,224,4.08e-162,452
41,54,1,313,1,311,1.48e-150,427
41,53,1,292,1,292,8.10e-113,330
41,10,1,292,1,292,2.75e-109,321
41,21,1,292,1,292,6.11e-108,318
41,11,1,292,1,295,1.29e-104,310
41,24,1,292,1,286,1.29e-81,251
41,9,1,142,1,142,1.35e-81,246
41,33,1,292,1,286,3.75e-80,247
41,32,1,292,1,286,1.57e-79,245
41,29,1,292,1,286,1.68e-78,243
41,6,9,292,8,280,1.28e-66,213
41,52,9,282,7,269,8.77e-64,206
41,27,9,292,8,280,2.83e-63,204
41,19,9,282,8,270,9.59e-62,201
41,55,9,292,7,279,3.78e-61,199
41,31,80,292,2,214,2.98e-59,191
41,48,92,292,1,201,3.00e-52,172
42,42,1,315,1,315,0.0,662
42,1,1,315,1,315,0.0,587
42,2,1,315,1,315,0.0,597
42,3,1,315,1,315,0.0,591
42,4,1,315,1,315,0.0,600
42,5,1,315,1,315,0.0,590
42,7,1,315,1,315,0.0,588
42,8,1,315,1,315,0.0,578
42,12,1,315,1,315,0.0,568
42,13,1,315,1,314,0.0,583
42,14,1,315,1,315,0.0,593
42,15,1,315,1,315,0.0,592
42,16,1,315,1,315,0.0,577
42,17,1,315,1,315,0.0,600
42,18,1,315,1,315,0.0,581
42,20,1,315,1,315,0.0,555
42,22,1,315,1,315,0.0,593
42,23,1,315,1,315,0.0,605
42,25,1,315,1,316,0.0,569
42,26,1,315,1,315,0.0,584
42,30,1,315,1,315,0.0,604
42,35,1,315,1,315,0.0,590
42,36,1,315,1,315,0.0,578
42,37,1,315,1,315,0.0,589
42,38,1,315,1,315,0.0,577
42,39,1,315,1,315,0.0,591
42,40,1,315,1,315,0.0,598
42,41,1,315,1,315,0.0,624
42,43,1,315,1,315,0.0,585
42,44,1,315,1,315,0.0,596
42,45,1,315,1,317,0.0,572
42,46,1,315,1,317,0.0,578
42,47,1,315,1,315,0.0,575
42,49,1,315,1,315,0.0,599
42,50,1,315,1,314,0.0,583
42,51,1,315,1,315,0.0,595
42,34,92,315,1,224,6.44e-159,444
42,54,1,313,1,311,8.55e-150,425
42,53,1,292,1,292,9.63e-115,335
42,10,1,292,1,292,4.86e-109,321
42,21,1,292,1,292,5.30e-109,321
42,11,1,292,1,295,2.10e-105,311
42,9,1,148,1,148,4.64e-84,252
42,24,1,292,1,286,7.03e-84,256
42,33,1,292,1,286,3.02e-82,252
42,32,1,292,1,286,1.29e-81,251
42,29,1,292,1,286,9.14e-80,246
42,6,9,294,8,295,5.81e-67,213
42,52,9,282,7,269,1.77e-63,205
42,27,9,282,8,270,6.37e-62,201
42,19,5,315,4,314,1.59e-61,200
42,55,9,292,7,279,7.45e-61,198
42,31,80,292,2,214,3.50e-60,193
42,48,92,292,1,201,2.46e-54,178
43,43,1,315,1,315,0.0,661
43,1,1,315,1,315,0.0,581
43,2,1,315,1,315,0.0,595
43,3,1,315,1,315,0.0,592
43,4,1,315,1,315,0.0,614
43,5,1,315,1,315,0.0,585
43,7,1,315,1,315,0.0,621
43,8,1,315,1,315,0.0,590
43,12,1,315,1,315,0.0,596
43,13,1,315,1,314,0.0,605
43,14,1,315,1,315,0.0,600
43,15,1,315,1,315,0.0,609
43,16,1,315,1,315,0.0,581
43,17,1,315,1,315,0.0,605
43,18,1,315,1,315,0.0,602
43,20,1,315,1,315,0.0,592
43,22,1,315,1,315,0.0,587
43,23,1,315,1,315,0.0,603
43,25,1,315,1,316,0.0,566
43,26,1,315,1,315,0.0,605
43,30,1,315,1,315,0.0,628
43,35,1,315,1,315,0.0,613
43,36,1,315,1,315,0.0,602
43,37,1,315,1,315,0.0,582
43,38,1,315,1,315,0.0,603
43,39,1,315,1,315,0.0,587
43,40,1,315,1,315,0.0,590
43,41,1,315,1,315,0.0,583
43,42,1,315,1,315,0.0,585
43,44,1,315,1,315,0.0,595
43,45,1,315,1,317,0.0,578
43,46,1,315,1,317,0.0,580
43,47,1,315,1,315,0.0,582
43,49,1,315,1,315,0.0,598
43,50,1,315,1,314,0.0,605
43,51,1,315,1,315,0.0,613
43,54,1,313,1,311,1.00e-156,442
43,34,92,315,1,224,3.96e-156,437
43,53,1,292,1,292,3.01e-122,354
43,10,1,292,1,292,2.96e-116,339
43,21,1,292,1,292,2.90e-115,337
43,11,1,292,1,295,3.25e-109,321
43,9,1,148,1,148,4.20e-89,265
43,24,1,292,1,286,2.16e-82,253
43,33,1,292,1,286,1.08e-80,248
43,32,1,292,1,286,4.42e-80,247
43,29,1,292,1,286,5.53e-78,241
43,6,9,294,8,295,2.50e-65,209
43,52,9,282,7,269,7.75e-65,209
43,27,9,282,8,270,3.61e-64,207
43,19,9,282,8,270,7.00e-63,204
43,55,9,292,7,279,1.28e-60,197
43,31,80,292,2,214,1.93e-57,186
43,48,92,292,1,201,4.89e-53,174
44,44,1,315,1,315,0.0,664
44,1,1,315,1,315,0.0,612
44,2,1,315,1,315,0.0,619
44,3,1,315,1,315,0.0,598
44,4,1,315,1,315,0.0,617
44,5,1,315,1,315,0.0,607
44,7,1,315,1,315,0.0,595
44,8,1,315,1,315,0.0,602
44,12,1,315,1,315,0.0,586
44,13,1,315,1,314,0.0,582
44,14,1,315,1,315,0.0,620
44,15,1,315,1,315,0.0,612
44,16,1,315,1,315,0.0,590
44,17,1,315,1,315,0.0,614
44,18,1,315,1,315,0.0,625
44,20,1,315,1,315,0.0,583
44,22,1,315,1,315,0.0,633
44,23,1,315,1,315,0.0,630
44,25,1,315,1,316,0.0,568
44,26,1,315,1,315,0.0,595
44,30,1,315,1,315,0.0,607
44,35,1,315,1,315,0.0,605
44,36,1,315,1,315,0.0,595
44,37,1,315,1,315,0.0,608
44,38,1,315,1,315,0.0,584
44,39,1,315,1,315,0.0,608
44,40,1,315,1,315,0.0,616
44,41,1,315,1,315,0.0,603
44,42,1,315,1,315,0.0,596
44,43,1,315,1,315,0.0,595
44,45,1,315,1,317,0.0,587
44,46,1,315,1,317,0.0,590
44,47,1,315,1,315,0.0,592
44,49,1,315,1,315,0.0,618
44,50,1,315,1,314,0.0,582
44,51,1,315,1,315,0.0,603
44,54,1,313,1,311,2.20e-158,446
44,34,92,315,1,224,6.98e-154,432
44,53,1,292,1,292,1.01e-120,350
44,10,1,292,1,292,7.80e-117,340
44,21,1,292,1,292,8.62e-116,338
44,11,1,292,1,295,3.55e-110,324
44,9,1,148,1,148,1.85e-91,271
44,24,1,292,1,286,5.26e-81,249
44,33,1,292,1,286,3.12e-79,244
44,32,1,292,1,286,1.41e-78,243
44,29,1,292,1,286,5.64e-77,239
44,6,9,292,8,280,1.66e-67,215
44,52,5,282,3,269,2.08e-63,205
44,19,5,282,4,270,8.59e-63,203
44,27,9,292,8,280,1.59e-62,202
44,55,9,292,7,279,7.45e-60,196
44,31,80,292,2,214,8.69e-59,190
44,48,92,292,1,201,1.07e-53,176
45,45,1,317,1,317,0.0,667
45,1,1,317,1,315,0.0,578
45,2,1,317,1,315,0.0,583
45,3,1,317,1,315,0.0,592
45,4,1,317,1,315,0.0,603
45,5,1,317,1,315,0.0,578
45,7,1,317,1,315,0.0,578
45,8,1,317,1,315,0.0,590
45,12,1,317,1,315,0.0,565
45,13,1,317,1,314,0.0,559
45,14,1,317,1,315,0.0,583
45,15,1,317,1,315,0.0,591
45,16,1,317,1,315,0.0,604
45,17,1,317,1,315,0.0,582
45,18,1,317,1,315,0.0,591
45,20,1,317,1,315,0.0,566
45,22,1,317,1,315,0.0,581
45,23,1,317,1,315,0.0,592
45,25,1,317,1,316,0.0,592
45,26,1,317,1,315,0.0,575
45,30,1,317,1,315,0.0,582
45,35,1,317,1,315,0.0,588
45,36,1,317,1,315,0.0,575
45,37,1,317,1,315,0.0,577
45,38,1,317,1,315,0.0,567
45,39,1,317,1,315,0.0,573
45,40,1,317,1,315,0.0,582
45,41,1,317,1,315,0.0,572
45,42,1,317,1,315,0.0,572
45,43,1,317,1,315,0.0,578
45,44,1,317,1,315,0.0,587
45,46,1,317,1,317,0.0,615
45,47,1,317,1,315,0.0,658
45,49,1,317,1,315,0.0,584
45,50,1,317,1,314,0.0,559
45,51,1,317,1,315,0.0,574
45,54,1,315,1,311,2.37e-152,431
45,34,92,317,1,224,5.69e-149,419
45,10,1,294,1,292,1.62e-116,340
45,53,1,294,1,292,2.27e-115,337
45,21,1,294,1,292,4.42e-115,336
45,11,1,294,1,295,3.39e-110,324
45,9,1,148,1,148,7.52e-91,269
45,24,1,294,1,286,5.39e-82,252
45,33,1,294,1,286,8.22e-80,246
45,32,1,294,1,286,2.96e-79,245
45,29,1,294,1,286,3.24e-76,237
45,6,5,296,4,295,5.75e-67,213
45,19,3,317,2,314,1.32e-62,203
45,27,5,317,4,314,1.60e-62,202
45,52,5,284,3,269,1.72e-62,202
45,55,9,294,7,279,2.91e-58,192
45,31,80,294,2,214,4.24e-57,186
45,48,92,294,1,201,6.80e-53,174
46,46,1,317,1,317,0.0,669
46,1,1,317,1,315,0.0,587
46,2,1,317,1,315,0.0,590
46,3,1,317,1,315,0.0,593
46,4,1,317,1,315,0.0,603
46,5,1,317,1,315,0.0,586
46,7,1,317,1,315,0.0,585
46,8,1,317,1,315,0.0,575
46,12,1,317,1,315,0.0,569
46,13,1,317,1,314,0.0,576
46,14,1,317,1,315,0.0,590
46,15,1,317,1,315,0.0,590
46,16,1,317,1,315,0.0,593
46,17,1,317,1,315,0.0,587
46,18,1,317,1,315,0.0,589
46,20,1,317,1,315,0.0,570
46,22,1,317,1,315,0.0,580
46,23,1,317,1,315,0.0,598
46,25,1,317,1,316,0.0,591
46,26,1,317,1,315,0.0,576
46,30,1,317,1,315,0.0,589
46,35,1,317,1,315,0.0,592
46,36,1,317,1,315,0.0,582
46,37,1,317,1,315,0.0,583
46,38,1,317,1,315,0.0,575
46,39,1,317,1,315,0.0,575
46,40,1,317,1,315,0.0,582
46,41,1,317,1,315,0.0,578
46,42,1,317,1,315,0.0,578
46,43,1,317,1,315,0.0,580
46,44,1,317,1,315,0.0,590
46,45,1,317,1,317,0.0,615
46,47,1,317,1,315,0.0,605
46,49,1,317,1,315,0.0,594
46,50,1,317,1,314,0.0,576
46,51,1,317,1,315,0.0,578
46,54,1,315,1,311,4.70e-156,441
46,34,92,317,1,224,1.19e-151,426
46,53,1,294,1,292,4.10e-115,336
46,10,1,294,1,292,1.38e-113,332
46,21,1,294,1,292,2.99e-112,329
46,11,1,294,1,295,9.75e-108,318
46,9,1,148,1,148,9.06e-89,264
46,24,1,294,1,286,9.21e-77,238
46,33,1,294,1,286,9.08e-76,236
46,32,1,294,1,286,3.56e-75,234
46,29,1,294,1,286,9.92e-72,226
46,6,3,296,2,295,7.22e-67,213
46,27,5,317,4,314,2.49e-62,202
46,19,5,284,4,270,3.44e-62,202
46,52,5,284,3,269,4.62e-62,201
46,55,9,294,7,279,2.47e-58,192
46,31,80,294,2,214,9.42e-54,177
46,48,92,294,1,201,3.75e-51,170
47,47,1,315,1,315,0.0,664
47,1,1,315,1,315,0.0,583
47,2,1,315,1,315,0.0,588
47,3,1,315,1,315,0.0,595
47,4,1,315,1,315,0.0,607
47,5,1,315,1,315,0.0,583
47,7,1,315,1,315,0.0,582
47,8,1,315,1,315,0.0,595
47,12,1,315,1,315,0.0,569
47,13,1,315,1,314,0.0,563
47,14,1,315,1,315,0.0,587
47,15,1,315,1,315,0.0,594
47,16,1,315,1,315,0.0,608
47,17,1,315,1,315,0.0,587
47,18,1,315,1,315,0.0,595
47,20,1,315,1,315,0.0,570
47,22,1,315,1,315,0.0,585
47,23,1,315,1,315,0.0,596
47,25,1,315,1,316,0.0,588
47,26,1,315,1,315,0.0,579
47,30,1,315,1,315,0.0,586
47,35,1,315,1,315,0.0,593
47,36,1,315,1,315,0.0,579
47,37,1,315,1,315,0.0,581
47,38,1,315,1,315,0.0,571
47,39,1,315,1,315,0.0,578
47,40,1,315,1,315,0.0,586
47,41,1,315,1,315,0.0,577
47,42,1,315,1,315,0.0,575
47,43,1,315,1,315,0.0,582
47,44,1,315,1,315,0.0,592
47,45,1,315,1,317,0.0,658
47,46,1,315,1,317,0.0,605
47,49,1,315,1,315,0.0,588
47,50,1,315,1,314,0.0,563
47,51,1,315,1,315,0.0,578
47,54,1,313,1,311,4.13e-154,436
47,34,92,315,1,224,6.58e-151,424
47,10,1,292,1,292,2.61e-118,344
47,21,1,292,1,292,6.07e-117,341
47,53,1,292,1,292,6.14e-117,341
47,11,1,292,1,295,3.79e-112,329
47,9,1,148,1,148,1.02e-90,269
47,24,1,292,1,286,5.08e-84,257
47,33,1,292,1,286,5.14e-82,252
47,32,1,292,1,286,2.89e-81,250
47,29,1,292,1,286,2.27e-78,242
47,6,5,294,4,295,9.55e-69,218
47,19,3,315,2,314,3.42e-64,207
47,27,5,315,4,314,4.25e-64,207
47,52,5,282,3,269,6.01e-64,206
47,55,9,292,7,279,1.13e-59,195
47,31,80,292,2,214,5.58e-59,190
47,48,92,292,1,201,8.36e-55,179
48,48,1,204,1,204,1.03e-153,426
48,21,1,204,92,295,1.28e-149,419
48,10,1,204,92,295,3.01e-147,413
48,11,5,204,99,298,9.44e-144,404
48,53,1,204,92,295,4.63e-141,397
48,31,2,204,15,217,2.00e-137,385
48,29,2,204,87,289,2.50e-135,382
48,24,2,204,87,289,2.36e-134,380
48,33,2,204,87,289,2.57e-124,355
48,32,2,204,87,289,7.95e-124,353
48,17,1,201,92,292,1.18e-56,183
48,34,1,201,1,201,3.05e-55,177
48,7,1,201,92,292,4.18e-55,179
48,47,1,201,92,292,5.41e-55,179
48,3,1,201,92,292,7.65e-55,179
48,2,1,201,92,292,1.42e-54,178
48,42,1,201,92,292,1.59e-54,178
48,12,1,201,92,292,2.30e-54,177
48,36,1,201,92,292,3.39e-54,177
48,23,1,201,92,292,3.47e-54,177
48,4,1,201,92,292,3.86e-54,177
48,30,1,201,92,292,4.44e-54,177
48,13,1,201,91,291,5.92e-54,176
48,50,1,201,91,291,5.92e-54,176
48,44,1,201,92,292,6.92e-54,176
48,26,1,201,92,292,1.03e-53,176
48,14,1,201,92,292,1.21e-53,176
48,20,1,201,92,292,1.43e-53,176
48,51,1,201,92,292,2.01e-53,175
48,8,1,201,92,292,2.29e-53,175
48,39,1,201,92,292,2.75e-53,175
48,25,1,201,92,293,3.15e-53,175
48,43,1,201,92,292,3.17e-53,174
48,37,1,201,92,292,3.31e-53,174
48,45,1,201,92,294,4.37e-53,174
48,15,1,201,92,292,1.34e-52,173
48,41,1,201,92,292,1.94e-52,172
48,35,1,201,92,292,2.83e-52,172
48,18,1,201,92,292,2.86e-52,172
48,40,1,201,92,292,3.36e-52,172
48,49,1,201,92,292,4.85e-52,172
48,16,1,201,92,292,8.32e-52,171
48,22,1,201,92,292,9.06e-52,171
48,46,1,201,92,294,2.41e-51,170
48,1,1,201,92,292,1.33e-50,168
48,5,1,201,92,292,1.95e-50,167
48,38,1,201,92,292,2.40e-50,167
48,54,1,201,92,290,2.55e-47,159
48,6,2,202,86,294,2.85e-43,148
48,52,2,203,85,294,9.58e-36,129
48,27,2,203,86,295,2.41e-34,126
48,19,2,203,86,295,2.62e-34,125
48,55,2,188,85,266,1.86e-33,123
48,9,1,45,92,138,2.78e-06,47.8
49,49,1,315,1,315,0.0,660
49,1,1,315,1,315,0.0,625
49,2,1,315,1,315,0.0,606
49,3,1,315,1,315,0.0,599
49,4,1,315,1,315,0.0,613
49,5,1,315,1,315,0.0,625
49,7,1,315,1,315,0.0,591
49,8,1,315,1,315,0.0,600
49,12,1,315,1,315,0.0,581
49,13,1,315,1,314,0.0,588
49,14,1,315,1,315,0.0,610
49,15,1,315,1,315,0.0,623
49,16,1,315,1,315,0.0,585
49,17,1,315,1,315,0.0,621
49,18,1,315,1,315,0.0,608
49,20,1,315,1,315,0.0,578
49,22,1,315,1,315,0.0,632
49,23,1,315,1,315,0.0,619
49,25,1,315,1,316,0.0,569
49,26,1,315,1,315,0.0,591
49,30,1,315,1,315,0.0,605
49,35,1,315,1,315,0.0,609
49,36,1,315,1,315,0.0,592
49,37,1,315,1,315,0.0,622
49,38,1,315,1,315,0.0,582
49,39,1,315,1,315,0.0,617
49,40,1,315,1,315,0.0,625
49,41,1,315,1,315,0.0,600
49,42,1,315,1,315,0.0,599
49,43,1,315,1,315,0.0,598
49,44,1,315,1,315,0.0,618
49,45,1,315,1,317,0.0,584
49,46,1,315,1,317,0.0,594
49,47,1,315,1,315,0.0,588
49,50,1,315,1,314,0.0,588
49,51,1,315,1,315,0.0,601
49,54,1,313,1,311,1.23e-155,439
49,34,92,315,1,224,5.38e-155,434
49,53,1,292,1,292,1.66e-116,340
49,10,1,292,1,292,7.92e-114,333
49,21,1,292,1,292,1.01e-112,330
49,11,1,292,1,295,1.45e-108,320
49,9,1,148,1,148,4.48e-90,267
49,24,1,292,1,286,3.12e-79,244
49,33,1,292,1,286,9.54e-79,243
49,32,1,292,1,286,3.25e-78,242
49,29,1,292,1,286,1.58e-75,235
49,6,3,294,2,295,9.56e-67,213
49,52,9,292,7,292,1.23e-62,203
49,19,9,282,8,270,2.91e-60,197
49,27,9,282,8,270,4.29e-60,196
49,31,80,292,2,214,6.15e-58,187
49,55,9,282,7,269,1.46e-57,190
49,48,92,292,1,201,7.49e-52,172
50,50,1,314,1,314,0.0,659
50,1,1,314,1,315,0.0,575
50,2,1,314,1,315,0.0,580
50,3,1,314,1,315,0.0,582
50,4,1,314,1,315,0.0,591
50,5,1,314,1,315,0.0,580
50,7,1,314,1,315,0.0,610
50,8,1,314,1,315,0.0,573
50,12,1,314,1,315,0.0,573
50,13,1,314,1,314,0.0,659
50,14,1,314,1,315,0.0,586
50,15,1,314,1,315,0.0,591
50,16,1,314,1,315,0.0,565
50,17,1,314,1,315,0.0,588
50,18,1,314,1,315,0.0,583
50,20,1,314,1,315,0.0,575
50,22,1,314,1,315,0.0,577
50,23,1,314,1,315,0.0,585
50,25,1,314,1,316,0.0,555
50,26,1,314,1,315,0.0,577
50,30,1,314,1,315,0.0,596
50,35,1,314,1,315,0.0,595
50,36,1,314,1,315,0.0,582
50,37,1,314,1,315,0.0,572
50,38,1,314,1,315,0.0,588
50,39,1,314,1,315,0.0,567
50,40,1,314,1,315,0.0,576
50,41,1,314,1,315,0.0,593
50,42,1,314,1,315,0.0,583
50,43,1,314,1,315,0.0,605
50,44,1,314,1,315,0.0,582
50,45,1,314,1,317,0.0,559
50,46,1,314,1,317,0.0,576
50,47,1,314,1,315,0.0,563
50,49,1,314,1,315,0.0,588
50,51,1,314,1,315,0.0,588
50,34,91,314,1,224,7.46e-159,444
50,54,1,312,1,311,1.25e-152,432
50,53,1,291,1,292,4.88e-114,333
50,10,1,291,1,292,4.48e-112,328
50,21,1,291,1,292,8.35e-111,325
50,11,1,291,1,295,4.89e-106,313
50,24,1,291,1,286,8.16e-85,259
50,33,1,291,1,286,2.67e-82,252
50,32,1,291,1,286,9.23e-82,251
50,9,1,141,1,142,2.15e-81,245
50,29,1,291,1,286,1.34e-80,248
50,6,9,293,8,295,2.34e-69,219
50,52,9,291,7,292,4.69e-66,212
50,27,9,281,8,270,4.96e-65,209
50,19,9,281,8,270,2.90e-62,202
50,55,9,281,7,269,3.62e-61,199
50,31,79,291,2,214,2.48e-59,191
50,48,91,291,1,201,9.11e-54,176
51,51,1,315,1,315,0.0,661
51,1,1,315,1,315,0.0,593
51,2,1,315,1,315,0.0,610
51,3,1,315,1,315,0.0,593
51,4,1,315,1,315,0.0,610
51,5,1,315,1,315,0.0,592
51,7,1,315,1,315,0.0,613
51,8,1,315,1,315,0.0,587
51,12,1,315,1,315,0.0,590
51,13,1,315,1,314,0.0,588
51,14,1,315,1,315,0.0,600
51,15,1,315,1,315,0.0,600
51,16,1,315,1,315,0.0,575
51,17,1,315,1,315,0.0,610
51,18,1,315,1,315,0.0,598
51,20,1,315,1,315,0.0,578
51,22,1,315,1,315,0.0,601
51,23,1,315,1,315,0.0,615
51,25,1,315,1,316,0.0,561
51,26,1,315,1,315,0.0,609
51,30,1,315,1,315,0.0,609
51,35,1,315,1,315,0.0,612
51,36,1,315,1,315,0.0,601
51,37,1,315,1,315,0.0,599
51,38,1,315,1,315,0.0,583
51,39,1,315,1,315,0.0,609
51,40,1,315,1,315,0.0,598
51,41,1,315,1,315,0.0,590
51,42,1,315,1,315,0.0,595
51,43,1,315,1,315,0.0,613
51,44,1,315,1,315,0.0,603
51,45,1,315,1,317,0.0,574
51,46,1,315,1,317,0.0,578
51,47,1,315,1,315,0.0,578
51,49,1,315,1,315,0.0,601
51,50,1,315,1,314,0.0,588
51,54,1,313,1,311,4.06e-155,438
51,34,92,315,1,224,1.66e-152,428
51,53,1,292,1,292,1.63e-120,350
51,10,1,292,1,292,2.28e-116,339
51,21,1,292,1,292,4.25e-115,336
51,11,1,292,1,295,2.98e-109,321
51,9,1,148,1,148,1.56e-89,266
51,24,1,292,1,286,6.75e-82,251
51,33,1,292,1,286,5.31e-79,244
51,32,1,292,1,286,1.97e-78,243
51,29,1,292,1,286,4.25e-77,239
51,6,3,294,2,295,8.49e-67,213
51,52,5,282,3,269,5.67e-65,209
51,19,5,282,4,270,2.11e-64,207
51,27,5,282,4,270,1.51e-63,205
51,55,9,292,7,279,3.18e-60,197
51,31,80,292,2,214,2.18e-57,186
51,48,92,292,1,201,3.11e-53,175
52,52,1,313,1,313,0.0,649
52,19,3,313,4,314,0.0,568
52,27,2,313,3,314,0.0,559
52,55,1,313,1,313,4.64e-178,496
52,6,3,292,4,293,8.76e-114,333
52,54,3,292,5,290,1.05e-69,221
52,4,3,269,5,282,4.51e-66,212
52,13,7,292,9,291,4.67e-66,212
52,50,7,292,9,291,4.67e-66,212
52,20,2,292,4,292,1.42e-65,211
52,8,3,292,5,292,1.63e-65,210
52,15,3,292,5,292,2.33e-65,210
52,7,7,269,9,282,4.44e-65,209
52,51,3,269,5,282,5.63e-65,209
52,12,3,269,5,282,6.99e-65,209
52,43,7,269,9,282,7.70e-65,209
52,36,3,269,5,282,9.15e-65,208
52,30,7,266,9,279,2.06e-64,207
52,17,7,269,9,282,2.12e-64,207
52,40,7,292,9,292,4.01e-64,207
52,3,3,266,5,279,4.37e-64,207
52,26,3,269,5,282,5.85e-64,206
52,47,3,269,5,282,5.98e-64,206
52,41,7,269,9,282,8.72e-64,206
52,23,7,269,9,282,1.04e-63,206
52,42,7,269,9,282,1.76e-63,205
52,44,3,269,5,282,2.06e-63,205
52,2,7,269,9,282,2.48e-63,205
52,22,7,269,9,282,2.98e-63,204
52,18,3,292,5,292,3.98e-63,204
52,37,7,292,9,292,6.68e-63,204
52,35,3,269,5,282,6.90e-63,204
52,14,3,313,5,315,8.75e-63,203
52,38,7,269,9,282,1.18e-62,203
52,49,7,292,9,292,1.22e-62,203
52,1,7,292,9,292,1.47e-62,202
52,45,3,269,5,284,1.69e-62,202
52,16,3,269,5,282,2.89e-62,202
52,39,7,292,9,292,3.22e-62,202
52,5,7,292,9,292,4.36e-62,201
52,46,3,269,5,284,4.56e-62,201
52,25,3,269,5,283,3.25e-61,199
52,21,7,269,9,282,7.09e-52,174
52,10,7,279,9,292,1.19e-51,174
52,53,7,269,9,282,1.35e-50,171
52,24,7,279,9,286,3.92e-49,167
52,11,7,269,9,285,5.15e-49,167
52,33,7,279,9,286,2.88e-47,162
52,32,7,279,9,286,9.33e-47,161
52,29,7,269,9,276,4.11e-46,159
52,34,85,269,2,191,3.33e-45,155
52,31,75,279,5,214,3.20e-42,147
52,48,85,294,2,203,1.47e-35,129
52,9,3,140,5,148,2.49e-22,93.2
53,53,1,295,1,295,0.0,625
53,10,1,295,1,295,0.0,556
53,11,1,295,1,298,0.0,537
53,21,1,295,1,295,0.0,558
53,29,1,295,1,289,1.53e-162,455
53,24,1,295,1,289,9.39e-161,451
53,33,1,295,1,289,3.46e-151,426
53,32,1,295,1,289,1.58e-150,425
53,31,80,295,2,217,2.18e-141,399
53,48,92,295,1,204,6.69e-141,397
53,7,1,292,1,292,3.78e-123,357
53,43,1,292,1,292,2.82e-122,354
53,17,1,292,1,292,3.89e-121,351
53,36,1,292,1,292,8.53e-121,350
53,44,1,292,1,292,9.42e-121,350
53,3,1,292,1,292,1.44e-120,350
53,51,1,292,1,292,1.52e-120,350
53,39,1,292,1,292,2.33e-120,349
53,2,1,292,1,292,4.64e-120,348
53,30,1,292,1,292,1.23e-119,347
53,26,1,292,1,292,1.49e-119,347
53,14,1,292,1,292,1.90e-119,347
53,23,1,292,1,292,2.41e-119,347
53,37,1,292,1,292,5.66e-119,346
53,15,1,292,1,292,2.03e-118,344
53,38,1,292,1,292,4.66e-118,343
53,35,1,292,1,292,5.74e-118,343
53,18,1,292,1,292,9.07e-118,343
53,40,1,292,1,292,9.79e-118,343
53,12,1,292,1,292,1.50e-117,342
53,47,1,292,1,292,5.75e-117,341
53,4,1,292,1,292,7.55e-117,340
53,22,1,292,1,292,1.25e-116,340
53,49,1,292,1,292,1.55e-116,340
53,5,1,292,1,292,3.12e-116,339
53,16,1,292,1,292,3.72e-116,338
53,20,1,292,1,292,4.38e-116,338
53,45,1,292,1,294,2.11e-115,337
53,1,1,292,1,292,2.35e-115,337
53,8,1,292,1,292,3.60e-115,336
53,46,1,292,1,294,3.81e-115,336
53,42,1,292,1,292,9.02e-115,335
53,25,1,292,1,293,1.27e-114,335
53,13,1,292,1,291,4.58e-114,333
53,50,1,292,1,291,4.58e-114,333
53,41,1,292,1,292,7.59e-113,330
53,54,1,292,1,290,1.64e-104,309
53,9,1,137,1,139,5.32e-66,205
53,6,9,293,8,294,8.20e-61,197
53,34,92,292,1,201,1.39e-59,191
53,52,9,282,7,269,1.27e-50,171
53,27,9,294,8,295,1.79e-49,168
53,19,9,294,8,295,1.40e-48,166
53,55,9,282,7,269,3.29e-46,160
54,54,1,314,1,314,0.0,657
54,4,1,311,1,313,2.15e-159,449
54,18,1,311,1,313,2.74e-159,449
54,44,1,311,1,313,2.19e-158,446
54,36,1,311,1,313,1.17e-157,445
54,15,1,311,1,313,1.56e-157,444
54,14,1,311,1,313,2.28e-157,444
54,43,1,311,1,313,1.00e-156,442
54,35,1,311,1,313,1.81e-156,442
54,22,1,311,1,313,1.83e-156,442
54,30,1,311,1,313,1.93e-156,442
54,46,1,311,1,315,4.66e-156,441
54,7,1,311,1,313,8.55e-156,440
54,3,1,311,1,313,8.74e-156,440
54,20,1,311,1,313,1.21e-155,439
54,49,1,311,1,313,1.23e-155,439
54,23,1,311,1,313,1.53e-155,439
54,51,1,311,1,313,4.05e-155,438
54,2,1,311,1,313,4.87e-155,438
54,37,1,311,1,313,1.26e-154,437
54,17,1,311,1,313,2.36e-154,436
54,47,1,311,1,313,4.12e-154,436
54,16,1,311,1,313,1.24e-153,434
54,26,1,311,1,313,1.93e-153,434
54,38,1,311,1,313,2.04e-153,434
54,40,1,311,1,313,2.13e-153,434
54,5,1,311,1,313,8.83e-153,432
54,13,1,311,1,312,1.25e-152,432
54,50,1,311,1,312,1.25e-152,432
54,12,1,311,1,313,1.32e-152,432
54,8,1,311,1,313,1.56e-152,432
54,45,1,311,1,315,2.35e-152,431
54,39,1,311,1,313,3.21e-152,431
54,1,1,311,1,313,6.30e-151,427
54,41,1,311,1,313,1.48e-150,427
54,25,1,306,1,309,1.55e-150,427
54,42,1,311,1,313,8.53e-150,425
54,53,1,290,1,292,1.75e-104,309
54,21,1,290,1,292,1.10e-103,307
54,10,1,290,1,292,1.20e-103,307
54,11,1,290,1,295,2.69e-101,301
54,34,92,311,1,222,7.51e-97,287
54,9,1,142,1,142,1.45e-77,235
54,33,1,290,1,286,3.53e-77,239
54,32,1,290,1,286,1.36e-76,238
54,24,1,290,1,286,2.19e-76,237
54,29,1,290,1,286,1.52e-72,228
54,27,3,279,2,269,4.71e-70,222
54,52,5,290,3,292,1.05e-69,221
54,6,3,292,2,295,4.48e-69,219
54,19,9,277,8,267,1.61e-68,218
54,55,9,277,7,266,1.76e-66,213
54,31,80,290,2,214,3.13e-54,178
54,48,92,290,1,201,3.92e-47,159
55,55,1,313,1,313,0.0,649
55,19,2,313,3,314,0.0,506
55,27,2,313,3,314,0.0,515
55,52,1,313,1,313,4.64e-178,496
55,6,3,292,4,293,1.54e-104,309
55,54,7,266,9,277,1.75e-66,213
55,36,3,279,5,292,8.41e-62,201
55,7,7,279,9,292,8.87e-62,201
55,4,3,279,5,292,1.05e-61,201
55,20,2,269,4,282,1.32e-61,200
55,13,7,269,9,281,3.61e-61,199
55,50,7,269,9,281,3.61e-61,199
55,41,7,279,9,292,3.75e-61,199
55,42,7,279,9,292,7.40e-61,198
55,43,7,279,9,292,1.27e-60,197
55,15,3,269,5,282,1.54e-60,197
55,26,3,279,5,292,2.37e-60,197
55,35,3,279,5,292,2.37e-60,197
55,51,7,279,9,292,3.16e-60,197
55,2,7,279,9,292,3.23e-60,197
55,18,3,269,5,282,4.14e-60,196
55,12,7,279,9,292,4.37e-60,196
55,30,7,279,9,292,4.37e-60,196
55,23,7,279,9,292,4.56e-60,196
55,44,7,279,9,292,7.40e-60,196
55,47,7,279,9,292,1.13e-59,195
55,16,3,279,5,292,1.16e-59,195
55,38,7,279,9,292,1.57e-59,195
55,25,3,278,5,290,1.76e-59,195
55,3,3,279,5,292,2.22e-59,194
55,14,7,279,9,292,6.78e-59,193
55,1,7,269,9,282,7.97e-59,193
55,17,7,269,9,282,1.35e-58,192
55,8,3,269,5,282,1.42e-58,192
55,40,7,269,9,282,2.36e-58,192
55,22,7,279,9,292,2.41e-58,192
55,46,7,279,9,294,2.44e-58,192
55,45,7,279,9,294,2.87e-58,192
55,37,7,269,9,282,4.26e-58,191
55,49,7,269,9,282,1.45e-57,190
55,39,7,269,9,282,4.30e-57,189
55,5,7,269,9,282,8.45e-57,188
55,29,7,266,9,273,1.70e-46,160
55,33,7,266,9,273,1.97e-46,160
55,53,7,269,9,282,3.49e-46,160
55,32,7,269,9,276,5.91e-46,159
55,21,7,266,9,279,6.14e-46,159
55,10,7,266,9,279,1.23e-45,158
55,34,85,279,2,201,1.48e-45,156
55,24,7,266,9,273,5.66e-45,156
55,11,7,266,9,282,6.13e-44,154
55,31,75,266,5,201,7.27e-40,141
55,48,85,266,2,188,2.86e-33,123
55,9,3,130,5,138,2.83e-17,79.7
